"id_curriculo";"codigo";"nome_matriz";"id_curso";"nome_curso";"semestre_conclusao_minimo";"semestre_conclusao_ideal";"semestre_conclusao_maximo";"meses_conclusao_minimo";"meses_conclusao_ideal";"meses_conclusao_maximo";"cr_total_minimo";"ch_total_minima";"ch_optativas_minima";"ch_complementar_minima";"max_eletivos";"ch_nao_atividade_obrigatoria";"cr_nao_atividade_obrigatorio";"ch_atividade_obrigatoria";"cr_minimo_semestre";"cr_ideal_semestre";"cr_maximo_semestre";"ch_minima_semestre";"ch_ideal_semestre";"ch_maxima_semestre";"periodo_entrada_vigor";"ano_entrada_vigor";"observacao";
"110541959";"01B";"PSICOLOGIA - SANTA CRUZ - MT - BACHARELADO";"102160763";"PSICOLOGIA";"10";"10";"15";"";"";"";"147";"4050";"405";"210";"240";"2535";"147";"900";"22";"25";"31";"330";"";"465";"1";"2015";"";
"95617859";"01";"GESTÃO PÚBLICA - CAICÓ - I - TECNOLÓGICO";"92017023";"GESTÃO PÚBLICA";"5";"5";"6";"";"";"";"114";"1710";"0";"0";"240";"1710";"114";"0";"6";"24";"26";"240";"";"0";"1";"2013";"";
"98672530";"PLETCN1";"";"98199604";"MESTRADO PROFISSIONAL EM LETRAS - PROFLETRAS/CN";"12";"24";"30";"12";"24";"30";"9";"420";"135";"";"0";"285";"0";"0";"2";"12";"20";"0";"";"";"1";"2013";"";
"140061";"PE";"";"315785";"MESTRADO EM MATEMÁTICA APLICADA E ESTATÍSTICA";"12";"24";"30";"12";"24";"30";"24";"360";"120";"";"240";"240";"16";"0";"2";"12";"16";"1";"0";"";"2";"2006";"";
"106797125";"mpart1";"";"106146377";"MESTRADO PROFISSIONAL EM ENSINO DE ARTES - PROFARTES";"12";"24";"30";"12";"24";"30";"8";"420";"120";"";"0";"300";"0";"0";"1";"12";"24";"0";"";"";"2";"2014";"";
"84763119";"MRN1";"";"84739892";"MESTRADO PROFISSIONAL EM MATEMÁTICA EM REDE NACIONAL";"12";"24";"30";"12";"24";"30";"16";"1200";"240";"";"0";"960";"0";"0";"1";"15";"30";"1";"";"";"1";"2011";"";
"11431031";"08";"";"97472250";"ZZZ MEST";"12";"24";"30";"12";"24";"30";"13";"195";"0";"";"240";"195";"13";"0";"1";"15";"30";"15";"";"";"1";"2009";"";
"121644898";"tm3";"";"88211810";"MESTRADO PROFISSIONAL EM SAÚDE DA FAMÍLIA";"12";"24";"30";"12";"24";"30";"0";"565";"0";"";"0";"565";"0";"0";"";"";"";"0";"";"";"2";"2017";"";
"119466854";"ECNM2";"";"315756";"MESTRADO PROFISSIONAL EM ENSINO DE CIÊNCIAS NATURAIS E MATEMÁTICA";"12";"24";"30";"12";"24";"30";"28";"465";"240";"";"0";"180";"12";"45";"";"";"";"1";"";"";"2";"2016";"";
"119342519";"ETIM001";"";"119342264";"MESTRADO PROFISSIONAL EM EDUCAÇÃO, TRABALHO E INOVAÇÃO EM MEDICINA";"12";"24";"30";"12";"24";"30";"21";"315";"90";"";"0";"225";"15";"0";"";"";"";"0";"";"";"2";"2016";"";
"51333655";"01F";"ARTES VISUAIS - NATAL - MT - LICENCIATURA";"2000123";"ARTES VISUAIS";"8";"8";"12";"";"";"";"103";"2970";"720";"0";"240";"1545";"103";"705";"7";"24";"28";"105";"";"0";"1";"2011";"";
"140013";"02";"";"315768";"MESTRADO EM BIOECOLOGIA AQUÁTICA";"12";"24";"30";"12";"24";"30";"18";"270";"0";"";"240";"270";"18";"0";"2";"18";"23";"1";"0";"";"1";"2005";"";
"90774212";"MEST02";"";"315781";"MESTRADO EM DESENVOLVIMENTO E MEIO AMBIENTE";"12";"24";"30";"12";"24";"30";"13";"226";"1";"";"0";"225";"13";"0";"1";"12";"24";"1";"";"";"2";"2012";"";
"126121649";"2018";"";"5036031";"RESIDÊNCIA MÉDICA EM ENDOCRINOLOGIA";"";"";"";"";"";"";"0";"6240";"0";"";"0";"0";"0";"0";"";"";"";"0";"";"";"1";"2018";"";
"124868739";"MEST17";"";"123079207";"MESTRADO EM ENSINO DE CIÊNCIAS E MATEMÁTICA";"12";"24";"30";"12";"24";"30";"16";"240";"0";"";"0";"240";"16";"0";"";"";"";"0";"";"";"2";"2017";"";
"122836042";"PAT_17D";"";"315734";"DOUTORADO EM PATOLOGIA ORAL";"24";"48";"54";"24";"48";"54";"0";"405";"0";"";"0";"405";"0";"0";"";"";"";"0";"";"";"1";"2017";"";
"121876517";"MPPSE1";"";"121875454";"MESTRADO PROFISSIONAL EM PRÁTICAS DE SAÚDE E EDUCAÇÃO";"12";"24";"30";"12";"24";"30";"3";"360";"45";"";"0";"315";"0";"0";"";"";"";"0";"";"";"1";"2017";"";
"122541685";"MPES2";"";"100181629";"MESTRADO PROFISSIONAL EM ENGENHARIA DE SOFTWARE";"12";"24";"36";"12";"24";"36";"24";"360";"240";"";"0";"120";"8";"0";"";"";"";"0";"";"";"1";"2017";"";
"104128179";"01D";"GESTÃO DE POLÍTICAS PÚBLICAS - NATAL - N - BACHARELADO";"10426760";"GESTÃO DE POLÍTICAS PÚBLICAS";"6";"6";"9";"";"";"";"0";"2410";"1215";"400";"240";"0";"0";"795";"1";"22";"30";"150";"";"0";"2";"2014";"";
"121631446";"05A";"ADMINISTRAÇÃO - CURRAIS NOVOS - TN - BACHARELADO";"2000004";"ADMINISTRAÇÃO";"9";"9";"14";"";"";"";"160";"3090";"360";"155";"240";"2400";"160";"175";"";"";"";"60";"";"0";"1";"2017";"";
"121627123";"ITE17";"";"121508460";"MESTRADO PROFISSIONAL EM INOVAÇÃO EM TECNOLOGIAS EDUCACIONAIS";"12";"24";"30";"12";"24";"30";"12";"360";"180";"";"0";"180";"0";"0";"";"";"";"0";"";"";"1";"2017";"";
"101658777";"02";"TECNOLOGIA DA INFORMAÇÃO - NATAL - MT - BACHARELADO";"92127264";"TECNOLOGIA DA INFORMAÇÃO";"7";"7";"10";"";"";"";"0";"2600";"1440";"140";"120";"1020";"0";"0";"2";"28";"32";"30";"";"0";"1";"2014";"";
"101669382";"02";"TECNOLOGIA DA INFORMAÇÃO - NATAL - N - BACHARELADO";"92127264";"TECNOLOGIA DA INFORMAÇÃO";"6";"9";"13";"";"";"";"0";"2600";"300";"140";"120";"2160";"0";"0";"2";"20";"32";"30";"";"0";"1";"2014";"";
"119114118";"04";"MEDICINA - NATAL - MTN - FORMAÇÃO";"2000056";"MEDICINA";"12";"12";"18";"";"";"";"144";"8332";"400";"417";"240";"3930";"144";"3585";"";"";"";"60";"";"0";"2";"2016";"";
"98672348";"PLETNT1";"";"98200045";"MESTRADO PROFISSIONAL EM LETRAS - PROFLETRAS/NAT";"12";"24";"30";"12";"24";"30";"12";"420";"135";"";"0";"285";"3";"0";"2";"12";"20";"0";"";"";"1";"2013";"";
"51491429";"MEST";"";"315747";"MESTRADO EM ENFERMAGEM";"12";"24";"30";"12";"24";"30";"10";"151";"1";"";"0";"150";"10";"0";"2";"12";"30";"1";"";"";"1";"2011";"";
"8917690";"01";"ZOOTECNIA - MACAÍBA - MT - FORMAÇÃO";"6358080";"ZOOTECNIA";"10";"10";"14";"";"";"";"175";"3870";"780";"0";"240";"2625";"175";"465";"15";"30";"40";"15";"";"0";"1";"2009";"";
"506167920";"01B";"QUÍMICA - NATAL - M - LICENCIATURA";"111635075";"QUÍMICA";"8";"8";"12";"";"";"";"153";"3165";"240";"0";"240";"2295";"153";"630";"12";"26";"30";"180";"";"0";"1";"2011";"";
"140085";"01";"";"315767";"DOUTORADO EM ARQUITETURA E URBANISMO";"24";"48";"60";"24";"48";"60";"9";"135";"135";"";"240";"0";"0";"0";"2";"12";"20";"0";"0";"";"1";"2007";"";
"126820854";"1A";"";"117522695";"RESIDENCIA EM ANESTESIOLOGIA/RESANES/HUAB";"";"";"";"";"";"";"0";"8520";"0";"";"0";"0";"0";"0";"";"";"";"0";"";"";"1";"2017";"";
"140093";"04";"";"315732";"ZZZ MEST";"12";"24";"30";"12";"24";"30";"25";"375";"0";"";"240";"375";"25";"0";"2";"10";"20";"1";"0";"";"1";"2007";"";
"123438351";"02";"";"11519550";"MESTRADO EM ESTUDOS DA MÍDIA";"12";"24";"30";"12";"24";"30";"26";"390";"90";"";"0";"300";"20";"0";"";"";"";"0";"";"";"1";"2017";"";
"123162438";"BIOL_17";"";"315782";"MESTRADO EM CIÊNCIAS BIOLÓGICAS";"12";"24";"30";"12";"24";"30";"8";"360";"120";"";"0";"240";"0";"0";"";"";"";"0";"";"";"1";"2017";"";
"20849290";"01";"";"2060661";"RESIDÊNCIA MÉDICA EM UROLOGIA";"18";"24";"30";"";"";"";"0";"317";"0";"";"240";"0";"0";"317";"0";"0";"0";"200";"";"";"1";"2007";"";
"140057";"02";"";"315752";"DOUTORADO EM ENGENHARIA MECÂNICA";"24";"48";"60";"24";"48";"60";"36";"540";"540";"";"240";"0";"0";"0";"1";"12";"15";"0";"0";"";"1";"2006";"";
"20395570";"03";"";"315737";"MESTRADO EM PSICOLOGIA";"12";"24";"30";"12";"24";"30";"16";"240";"0";"";"240";"240";"16";"0";"1";"12";"24";"1";"";"";"1";"2010";"";
"509855090";"001";"";"50839645";"MESTRADO EM SISTEMÁTICA E EVOLUÇÃO";"12";"24";"30";"12";"24";"30";"6";"360";"90";"";"0";"270";"0";"0";"1";"16";"20";"0";"";"";"1";"2011";"";
"97802598";"D-01";"";"96146345";"DOUTORADO EM SISTEMÁTICA E EVOLUÇÃO";"24";"48";"48";"24";"48";"48";"14";"450";"210";"";"0";"240";"0";"0";"1";"12";"20";"0";"";"";"1";"2013";"";
"21988940";"M10";"";"315769";"MESTRADO EM BIOQUÍMICA";"12";"24";"30";"12";"24";"30";"10";"360";"150";"";"240";"210";"0";"0";"1";"12";"24";"0";"";"";"1";"2010";"";
"139997";"01";"";"315781";"MESTRADO EM DESENVOLVIMENTO E MEIO AMBIENTE";"12";"24";"30";"12";"24";"30";"15";"255";"180";"";"240";"75";"3";"0";"1";"12";"24";"1";"0";"";"2";"2004";"";
"121323873";"02";"AGRONOMIA - MACAÍBA - MTN - FORMAÇÃO";"2576632";"AGRONOMIA";"10";"10";"14";"";"";"";"186";"3720";"420";"210";"240";"2790";"186";"300";"";"";"";"30";"";"420";"1";"2017";"";
"15403280";"01";"";"9300591";"DOUTORADO EM DESENVOLVIMENTO E INOVAÇÃO TECNOLÓGICA EM MEDICAMENTOS";"24";"48";"60";"24";"48";"60";"27";"540";"90";"";"240";"450";"21";"0";"1";"12";"15";"0";"";"";"2";"2009";"";
"115271549";"02";"ENGENHARIA DE MATERIAIS - NATAL - N - FORMAÇÃO";"2000027";"ENGENHARIA DE MATERIAIS";"11";"11";"14";"";"";"";"80";"3680";"420";"190";"120";"2820";"80";"250";"4";"20";"30";"270";"";"0";"1";"2016";"";
"122284140";"GIS1";"";"121508483";"MESTRADO PROFISSIONAL EM GESTÃO E INOVAÇÃO EM SAÚDE";"12";"24";"30";"12";"24";"30";"25";"375";"120";"";"0";"255";"17";"0";"";"";"";"1";"";"";"1";"2017";"";
"101659860";"02";"TECNOLOGIA DA INFORMAÇÃO - NATAL - N - BACHARELADO";"92127264";"TECNOLOGIA DA INFORMAÇÃO";"9";"9";"13";"";"";"";"0";"2600";"1440";"140";"120";"1020";"0";"0";"2";"28";"32";"30";"";"0";"1";"2014";"";
"120480419";"02";"BIOMEDICINA - NATAL - MT - BACHARELADO";"2000122";"BIOMEDICINA";"9";"9";"13";"";"";"";"158";"4030";"405";"210";"240";"2370";"158";"1045";"";"";"";"15";"";"0";"1";"2017";"";
"126769396";"GOB2018";"";"110378615";"RESIDÊNCIA MÉDICA EM GINECOLOGIA E OBSTETRÍCIA";"";"";"";"";"";"";"0";"8580";"0";"";"0";"0";"0";"0";"";"";"";"0";"";"";"1";"2017";"";
"101668583";"02";"TECNOLOGIA DA INFORMAÇÃO - NATAL - MT - BACHARELADO";"92127264";"TECNOLOGIA DA INFORMAÇÃO";"6";"7";"10";"";"";"";"0";"2600";"300";"140";"120";"1950";"0";"210";"2";"28";"32";"30";"";"0";"1";"2014";"";
"140094";"05";"";"315732";"ZZZ MEST";"12";"24";"30";"12";"24";"30";"0";"0";"0";"";"240";"0";"0";"0";"2";"10";"40";"1";"0";"";"1";"2007";"";
"140029";"01";"";"315738";"DOUTORADO EM PSICOLOGIA SOCIAL";"24";"48";"60";"24";"48";"60";"20";"300";"0";"";"240";"300";"20";"0";"2";"40";"40";"1";"0";"";"1";"2003";"";
"139977";"01";"";"315730";"MESTRADO EM GEOCIÊNCIAS";"12";"24";"36";"";"";"";"0";"0";"0";"";"240";"0";"0";"0";"1";"12";"24";"";"0";"";"1";"1996";"";
"140063";"01";"";"315760";"DOUTORADO EM FILOSOFIA";"30";"42";"48";"30";"42";"48";"10";"150";"90";"";"240";"60";"4";"0";"1";"4";"16";"0";"0";"";"1";"2006";"";
"139971";"01";"";"315727";"MESTRADO EM FÍSICA";"12";"24";"30";"12";"24";"30";"0";"0";"0";"";"240";"0";"0";"0";"1";"12";"99";"15";"0";"";"1";"2000";"";
"140088";"03";"";"315736";"DOUTORADO EM PSICOBIOLOGIA";"24";"48";"60";"24";"48";"60";"12";"180";"60";"";"240";"120";"8";"0";"2";"12";"24";"1";"0";"";"1";"2006";"";
"95726224";"D-01";"";"95726200";"DOUTORADO EM FISIOTERAPIA";"24";"48";"54";"24";"48";"54";"15";"225";"165";"";"0";"60";"4";"0";"2";"12";"24";"1";"";"";"1";"2013";"";
"139956";"01";"";"315768";"MESTRADO EM BIOECOLOGIA AQUÁTICA";"12";"24";"30";"";"";"";"0";"0";"0";"";"240";"0";"0";"0";"1";"12";"99";"";"0";"";"0";"0";"";
"101637277";"01C";"CIÊNCIAS ATUARIAIS - NATAL - N - BACHARELADO";"6633741";"CIÊNCIAS ATUARIAIS";"8";"8";"12";"";"";"";"128";"2490";"300";"0";"240";"1920";"128";"270";"4";"20";"28";"30";"";"0";"1";"2014";"";
"124712741";"MTUR-1";"";"507421";"MESTRADO EM TURISMO";"12";"24";"30";"12";"24";"30";"24";"360";"210";"";"0";"150";"10";"0";"";"";"";"0";"";"";"1";"2017";"";
"102359682";"02";"CIÊNCIA DA COMPUTAÇÃO - NATAL - MT - BACHARELADO";"2000013";"CIÊNCIA DA COMPUTAÇÃO";"10";"10";"15";"";"";"";"48";"3290";"420";"170";"240";"2610";"48";"90";"12";"24";"30";"180";"";"0";"1";"2014";"";
"140069";"01";"";"315787";"DOUTORADO EM CIÊNCIA E ENGENHARIA DE PETRÓLEO";"24";"48";"60";"24";"48";"60";"0";"180";"0";"";"240";"180";"0";"0";"1";"12";"99";"1";"0";"";"2";"2006";"";
"124767317";"PQT2017";"";"5036035";"RESIDÊNCIA MÉDICA EM PSIQUIATRIA";"";"";"";"";"";"";"0";"8701";"0";"";"0";"0";"0";"0";"";"";"";"0";"";"";"1";"2017";"";
"11431030";"07";"";"315732";"ZZZ MEST";"12";"24";"30";"12";"24";"30";"13";"195";"0";"";"240";"195";"13";"0";"1";"15";"30";"15";"";"";"1";"2009";"";
"9510500";"03";"";"315769";"MESTRADO EM BIOQUÍMICA";"12";"24";"30";"12";"24";"30";"0";"210";"0";"";"240";"210";"0";"0";"2";"12";"24";"1";"";"";"1";"2009";"";
"121805816";"FONO1";"";"121804772";"MESTRADO EM FONOAUDIOLOGIA";"12";"24";"30";"12";"24";"30";"8";"300";"120";"";"0";"180";"0";"0";"";"";"";"0";"";"";"1";"2017";"";
"121124901";"02";"ENGENHARIA DE PETRÓLEO - NATAL - MTN - FORMAÇÃO";"2071220";"ENGENHARIA DE PETRÓLEO";"10";"10";"16";"";"";"";"72";"3660";"660";"190";"180";"2580";"72";"230";"";"";"";"60";"";"540";"1";"2017";"";
"14329520";"5";"";"315749";"MESTRADO EM ENGENHARIA ELÉTRICA E DE COMPUTAÇÃO";"12";"24";"30";"12";"24";"30";"24";"360";"360";"";"240";"0";"0";"0";"1";"12";"20";"0";"";"";"2";"2009";"";
"85470630";"01";"ENGENHARIA MECATRÔNICA - NATAL - MT - FORMAÇÃO";"85437055";"ENGENHARIA MECATRÔNICA";"10";"10";"12";"";"";"";"88";"3790";"420";"0";"60";"3090";"88";"280";"8";"26";"32";"15";"";"0";"1";"2012";"";
"108427169";"02";"ENGENHARIA FLORESTAL - MACAÍBA - MT - FORMAÇÃO";"8068230";"ENGENHARIA FLORESTAL";"10";"10";"15";"";"";"";"196";"3840";"405";"195";"240";"2940";"196";"300";"2";"26";"35";"30";"";"0";"1";"2015";"";
"121495544";"MSF2017";"";"88211810";"MESTRADO PROFISSIONAL EM SAÚDE DA FAMÍLIA";"12";"24";"30";"12";"24";"30";"0";"575";"0";"";"0";"575";"0";"0";"";"";"";"0";"";"";"1";"2015";"";
"105694093";"02";"ENGENHARIA DE SOFTWARE - NATAL - MT - BACHARELADO";"17848940";"ENGENHARIA DE SOFTWARE";"9";"9";"14";"";"";"";"66";"3600";"540";"190";"240";"2490";"66";"380";"12";"26";"30";"180";"";"0";"2";"2014";"";
"119075210";"02";"ENGENHARIA DE TELECOMUNICAÇÕES - NATAL - N - FORMAÇÃO";"85322080";"ENGENHARIA DE TELECOMUNICAÇÕES";"11";"11";"16";"";"";"";"79";"3690";"420";"190";"60";"2850";"79";"230";"";"";"";"15";"";"0";"2";"2016";"";
"9510502";"02";"";"9513330";"MESTRADO EM ECOLOGIA";"12";"24";"36";"12";"24";"36";"5";"375";"75";"";"240";"300";"0";"0";"2";"12";"24";"1";"";"";"1";"2009";"";
"103681665";"TIA";"";"5036024";"RESIDÊNCIA EM TERAPIA INTENSIVA ADULTO";"24";"24";"30";"";"";"";"0";"5470";"322";"";"0";"540";"0";"4608";"";"";"";"1000";"";"";"1";"2014";"";
"103460884";"TIN04";"";"5036025";"RESIDÊNCIA EM TERAPIA INTENSIVA NEONATAL";"24";"24";"28";"";"";"";"0";"4935";"0";"";"0";"587";"0";"4348";"";"";"";"2880";"";"";"1";"2014";"";
"20323650";"02";"";"17275730";"DOUTORADO EM PSICOLOGIA";"24";"48";"60";"24";"48";"60";"20";"300";"0";"";"240";"300";"20";"0";"1";"16";"28";"1";"";"";"1";"2010";"";
"140021";"02";"";"315729";"MESTRADO EM GENÉTICA E BIOLOGIA MOLECULAR";"12";"24";"30";"12";"24";"30";"14";"210";"0";"";"240";"210";"14";"0";"2";"12";"24";"1";"0";"";"1";"2004";"";
"140022";"01";"";"315729";"MESTRADO EM GENÉTICA E BIOLOGIA MOLECULAR";"12";"24";"30";"12";"24";"30";"0";"0";"0";"";"240";"0";"0";"0";"2";"12";"24";"1";"0";"";"1";"2003";"";
"505612071";"04A";"DIREITO - NATAL - N - BACHARELADO";"2000018";"DIREITO";"1";"11";"16";"";"";"";"180";"3700";"435";"0";"240";"2700";"180";"565";"4";"24";"26";"60";"";"0";"2";"2010";"";
"106053722";"dout14";"";"315740";"DOUTORADO EM QUÍMICA";"24";"48";"54";"24";"48";"54";"24";"360";"300";"";"0";"60";"4";"0";"1";"8";"12";"0";"";"";"2";"2014";"";
"100844";"02";"MÚSICA - NATAL - INSTRUMENTO - MT - BACHARELADO";"2000057";"MÚSICA";"8";"8";"12";"";"";"";"36";"3075";"1650";"0";"240";"540";"36";"885";"1";"98";"99";"15";"0";"0";"2";"2006";"";
"505860901";"03B";"SERVIÇO SOCIAL - NATAL - T - BACHARELADO";"2000068";"SERVIÇO SOCIAL";"8";"8";"12";"";"";"";"132";"2850";"285";"";"240";"1980";"132";"585";"8";"26";"26";"120";"";"";"1";"2011";"";
"124829829";"MEST15";"";"315775";"MESTRADO EM CIÊNCIAS FARMACÊUTICAS";"12";"24";"30";"12";"24";"30";"12";"360";"180";"";"0";"180";"0";"0";"";"";"";"0";"";"";"2";"2015";"";
"15390970";"01";"ADMINISTRAÇÃO PÚBLICA - NATAL - I - BACHARELADO";"15315770";"ADMINISTRAÇÃO PÚBLICA";"8";"8";"12";"";"";"";"150";"3000";"300";"0";"240";"2250";"150";"450";"2";"22";"30";"15";"";"570";"1";"2010";"";
"140019";"01";"";"315784";"MESTRADO EM ANTROPOLOGIA SOCIAL";"12";"24";"30";"12";"24";"30";"12";"180";"0";"";"240";"180";"12";"0";"2";"10";"28";"1";"0";"";"1";"2005";"";
"140068";"MM";"";"315785";"MESTRADO EM MATEMÁTICA APLICADA E ESTATÍSTICA";"12";"24";"30";"12";"24";"30";"24";"360";"135";"";"240";"225";"15";"0";"2";"12";"16";"1";"0";"";"2";"2006";"";
"139963";"04";"";"315758";"DOUTORADO EM ESTUDOS DA LINGUAGEM";"24";"48";"60";"24";"48";"60";"0";"0";"0";"";"240";"0";"0";"0";"1";"6";"20";"1";"0";"";"1";"2004";"";
"85278443";"03B";"CIÊNCIAS SOCIAIS - NATAL - M - BACHARELADO";"2000015";"CIÊNCIAS SOCIAIS";"8";"8";"12";"";"";"";"104";"2520";"660";"0";"240";"1560";"104";"300";"2";"16";"30";"60";"";"0";"1";"2011";"";
"108819666";"04";"MATEMÁTICA - NATAL - N - LICENCIATURA";"111635066";"MATEMÁTICA";"8";"8";"12";"";"";"";"128";"2820";"300";"200";"120";"1920";"128";"400";"4";"22";"34";"60";"";"0";"1";"2015";"";
"95955514";"001";"";"95868917";"MESTRADO EM MÚSICA";"12";"24";"30";"12";"24";"30";"25";"375";"60";"";"0";"315";"21";"0";"1";"16";"32";"1";"";"";"1";"2013";"";
"122650746";"GEO17M";"";"315731";"MESTRADO EM GEOGRAFIA";"12";"24";"30";"12";"24";"30";"24";"360";"270";"";"0";"90";"6";"0";"";"";"";"0";"";"";"1";"2017";"";
"104890655";"GP2013";"";"84798578";"MESTRADO PROFISSIONAL EM GESTÃO PÚBLICA";"18";"24";"24";"18";"24";"24";"24";"360";"210";"";"0";"150";"10";"0";"2";"6";"12";"0";"";"";"1";"2013";"";
"140031";"02";"";"315755";"MESTRADO EM ENGENHARIA SANITÁRIA";"6";"24";"30";"6";"24";"30";"24";"360";"180";"";"240";"180";"12";"0";"1";"21";"30";"1";"0";"";"1";"2005";"";
"110542944";"01B";"PSICOLOGIA - SANTA CRUZ - MT - BACHARELADO";"102160763";"PSICOLOGIA";"10";"10";"15";"";"";"";"147";"4050";"405";"210";"240";"2535";"147";"900";"22";"25";"31";"330";"";"465";"1";"2015";"";
"140062";"01";"";"315786";"MESTRADO EM CIÊNCIA E ENGENHARIA DE PETRÓLEO";"12";"24";"30";"12";"24";"30";"12";"360";"180";"";"240";"180";"0";"0";"1";"12";"99";"0";"0";"";"2";"2006";"";
"14329521";"6";"";"315749";"MESTRADO EM ENGENHARIA ELÉTRICA E DE COMPUTAÇÃO";"12";"24";"30";"12";"24";"30";"24";"360";"360";"";"240";"0";"0";"0";"1";"12";"20";"0";"";"";"2";"2009";"";
"106053142";"mest14";"";"315739";"MESTRADO EM QUÍMICA";"12";"24";"30";"12";"24";"30";"18";"270";"240";"";"0";"30";"2";"0";"1";"4";"12";"1";"";"";"2";"2014";"";
"109515503";"02";"ANÁLISE E DESENVOLVIMENTO DE SISTEMAS - MACAÍBA - MTN - TECNOLÓGICO";"94598200";"ANÁLISE E DESENVOLVIMENTO DE SISTEMAS";"6";"6";"9";"";"";"";"106";"2295";"240";"180";"240";"1590";"106";"285";"15";"30";"40";"225";"";"0";"2";"2015";"";
"110542153";"01B";"PSICOLOGIA - SANTA CRUZ - MT - BACHARELADO";"102160763";"PSICOLOGIA";"10";"10";"15";"";"";"";"147";"4050";"405";"210";"240";"2535";"147";"900";"22";"25";"31";"330";"";"465";"1";"2015";"";
"107405230";"02";"CIÊNCIAS E TECNOLOGIA - NATAL - MT - BACHARELADO";"10320810";"CIÊNCIAS E TECNOLOGIA";"6";"6";"9";"";"";"";"0";"2400";"1020";"120";"240";"1260";"0";"0";"180";"420";"480";"180";"";"0";"1";"2015";"";
"94076305";"02";"DIREITO - CAICÓ - TN - BACHARELADO";"2000019";"DIREITO";"10";"10";"16";"";"";"";"198";"3700";"480";"0";"240";"2970";"198";"250";"1";"3";"30";"300";"";"0";"1";"2013";"";
"84869976";"01A";"GESTÃO PÚBLICA - NATAL - MTN - TECNOLÓGICO";"2000160";"GESTÃO PÚBLICA";"5";"5";"7";"";"";"";"0";"1800";"30";"";"240";"1680";"0";"90";"1";"99";"99";"15";"";"";"1";"2011";"";
"103519690";"NUT-01";"";"102923840";"ZZZ MEST";"12";"24";"30";"12";"24";"30";"9";"135";"0";"";"0";"135";"9";"0";"2";"8";"16";"1";"";"";"1";"2014";"";
"139996";"01";"";"315780";"MESTRADO EM HISTÓRIA";"12";"24";"30";"12";"24";"30";"20";"300";"120";"";"240";"180";"12";"0";"4";"12";"50";"0";"0";"";"1";"2005";"";
"100715605";"LET1M";"";"315757";"MESTRADO EM ESTUDOS DA LINGUAGEM";"12";"24";"30";"12";"24";"30";"0";"0";"0";"";"0";"0";"0";"0";"1";"12";"24";"0";"";"";"2";"2013";"";
"140086";"02";"";"315767";"DOUTORADO EM ARQUITETURA E URBANISMO";"24";"48";"60";"";"";"";"0";"0";"0";"";"240";"0";"0";"0";"2";"12";"20";"";"0";"";"1";"2007";"";
"89976344";"DOUT1";"";"315734";"DOUTORADO EM PATOLOGIA ORAL";"24";"48";"54";"24";"48";"54";"25";"376";"1";"";"0";"375";"25";"0";"1";"12";"24";"0";"";"";"1";"2012";"";
"121784348";"dout17";"";"315746";"DOUTORADO EM EDUCAÇÃO";"24";"36";"48";"24";"36";"48";"10";"330";"30";"";"0";"120";"8";"180";"";"";"";"0";"";"";"1";"2017";"";
"119510147";"01";"LETRAS - LÍNGUA PORTUGUESA E LIBRAS - NATAL - N";"118921874";"LETRAS - LÍNGUA PORTUGUESA E LIBRAS";"9";"9";"13";"";"";"";"68";"2920";"300";"200";"240";"2020";"68";"400";"";"";"";"180";"";"0";"2";"2016";"";
"507863461";"01A";"EDUCAÇÃO FÍSICA - NATAL - TN - BACHARELADO";"2000022";"EDUCAÇÃO FÍSICA";"9";"9";"14";"";"";"";"118";"3215";"780";"0";"240";"1770";"118";"665";"4";"20";"32";"60";"";"0";"1";"2011";"";
"101785246";"03";"GEOGRAFIA - NATAL - I - LICENCIATURA";"2671321";"GEOGRAFIA";"8";"8";"12";"";"";"";"130";"2850";"300";"0";"240";"1950";"130";"600";"4";"21";"40";"60";"";"675";"1";"2014";"";
"89554733";"01A";"ENFERMAGEM - SANTA CRUZ - MT - FORMAÇÃO";"13027790";"ENFERMAGEM";"9";"9";"12";"";"";"";"119";"4040";"90";"0";"240";"3000";"119";"950";"2";"98";"99";"15";"";"0";"1";"2012";"";
"122312896";"FST-M17";"";"315789";"MESTRADO EM FISIOTERAPIA";"12";"24";"30";"12";"24";"30";"25";"375";"135";"";"0";"240";"16";"0";"";"";"";"1";"";"";"1";"2017";"";
"28561390";"PRO-1";"";"315748";"MESTRADO EM ENGENHARIA DE PRODUÇÃO";"12";"24";"30";"12";"24";"30";"24";"360";"180";"";"0";"180";"12";"0";"1";"12";"48";"0";"";"";"2";"2010";"";
"122651159";"GEO17D";"";"95953799";"DOUTORADO EM GEOGRAFIA";"24";"48";"54";"24";"48";"54";"32";"480";"330";"";"0";"150";"10";"0";"";"";"";"0";"";"";"1";"2017";"";
"119143253";"02";"ENGENHARIA AMBIENTAL - NATAL - MT - FORMAÇÃO";"85322571";"ENGENHARIA AMBIENTAL";"10";"10";"14";"";"";"";"98";"3870";"390";"200";"120";"3030";"98";"250";"";"";"";"15";"";"0";"2";"2016";"";
"105755388";"01";"TECNOLOGIA DA INFORMAÇÃO - NATAL - MT - BACHARELADO";"92127264";"TECNOLOGIA DA INFORMAÇÃO";"6";"7";"10";"";"";"";"40";"2600";"360";"140";"120";"2100";"40";"0";"2";"28";"32";"30";"";"0";"2";"2014";"";
"120481177";"02";"BIOMEDICINA - NATAL - N - BACHARELADO";"2000122";"BIOMEDICINA";"11";"11";"15";"";"";"";"158";"4030";"405";"210";"240";"2370";"158";"1045";"";"";"";"15";"";"0";"1";"2017";"";
"119256550";"eco16";"";"315744";"MESTRADO EM ECONOMIA";"12";"24";"30";"12";"24";"30";"26";"390";"120";"";"0";"270";"18";"0";"";"";"";"1";"";"";"2";"2016";"";
"7777620";"04";"ENGENHARIA QUÍMICA - NATAL - MTN - FORMAÇÃO";"2000032";"ENGENHARIA QUÍMICA";"9";"10";"16";"";"";"";"195";"3920";"360";"";"240";"2925";"195";"635";"2";"24";"32";"30";"";"";"1";"2009";"";
"99508764";"05";"";"315779";"MESTRADO EM DIREITO";"12";"24";"30";"12";"24";"30";"30";"450";"270";"";"0";"180";"12";"0";"1";"16";"30";"0";"";"";"2";"2013";"";
"108819794";"dout15";"";"108227148";"DOUTORADO EM ANTROPOLOGIA SOCIAL";"24";"48";"54";"24";"48";"54";"40";"600";"360";"";"0";"240";"16";"0";"1";"12";"20";"1";"";"";"1";"2015";"";
"118994646";"M2016";"";"91805256";"MESTRADO EM CIÊNCIAS CLIMÁTICAS";"12";"24";"30";"12";"24";"30";"20";"315";"60";"";"0";"240";"16";"15";"";"";"";"1";"";"";"2";"2016";"";
"121782311";"mest17";"";"315745";"MESTRADO EM EDUCAÇÃO";"12";"24";"30";"12";"24";"30";"14";"270";"90";"";"0";"120";"8";"60";"";"";"";"0";"";"";"1";"2017";"";
"122313218";"FST-D17";"";"95726200";"DOUTORADO EM FISIOTERAPIA";"24";"48";"54";"24";"48";"54";"40";"600";"360";"";"0";"240";"16";"0";"";"";"";"1";"";"";"1";"2017";"";
"510230607";"01A";"SISTEMAS DE INFORMAÇÃO - CAICÓ - MT - BACHARELADO";"7191770";"SISTEMAS DE INFORMAÇÃO";"8";"8";"12";"";"";"";"148";"3000";"300";"0";"240";"2220";"148";"480";"8";"24";"28";"120";"";"0";"1";"2011";"";
"121245819";"02";"";"315780";"MESTRADO EM HISTÓRIA";"12";"24";"30";"12";"24";"30";"20";"300";"120";"";"0";"180";"12";"0";"";"";"";"0";"";"";"2";"2016";"";
"122547575";"PAT_17M";"";"315733";"MESTRADO EM PATOLOGIA ORAL";"12";"24";"30";"12";"24";"30";"30";"450";"0";"";"0";"450";"30";"0";"";"";"";"0";"";"";"1";"2017";"";
"108422849";"CONT15";"";"108416320";"MESTRADO EM CIÊNCIAS CONTÁBEIS";"12";"24";"30";"12";"24";"30";"24";"360";"120";"";"0";"240";"16";"0";"1";"12";"16";"1";"";"";"1";"2015";"";
"84684718";"OTG0004";"";"5036046";"RESIDÊNCIA MÉDICA EM OTORRINOLARINGOLOGIA";"36";"36";"42";"";"";"";"0";"12";"0";"";"0";"0";"0";"12";"";"";"";"0";"";"";"1";"2011";"";
"51438889";"EDF01";"";"50980468";"MESTRADO EM EDUCAÇÃO FÍSICA";"12";"24";"30";"12";"24";"30";"24";"360";"150";"";"0";"210";"14";"0";"4";"12";"20";"1";"";"";"1";"2011";"";
"105512605";"GQSS1";"";"101050603";"MESTRADO PROFISSIONAL EM GESTÃO DA QUALIDADE EM SERVIÇOS DE SAÚDE";"24";"24";"30";"24";"24";"30";"4";"480";"60";"";"0";"420";"0";"0";"2";"12";"24";"0";"";"";"2";"2014";"";
"510278494";"02B";"ENGENHARIA ELÉTRICA - NATAL - MTN - FORMAÇÃO";"2000030";"ENGENHARIA ELÉTRICA";"10";"10";"16";"";"";"";"158";"3840";"1230";"0";"240";"2370";"158";"240";"1";"28";"32";"15";"";"0";"1";"2011";"";
"118996139";"dot2016";"";"17975012";"DOUTORADO EM CIÊNCIAS CLIMÁTICAS";"24";"48";"54";"24";"48";"54";"36";"555";"180";"";"0";"360";"24";"15";"";"";"";"1";"";"";"2";"2016";"";
"11545770";"01";"";"11519550";"MESTRADO EM ESTUDOS DA MÍDIA";"12";"24";"30";"12";"24";"30";"26";"390";"90";"";"240";"300";"20";"0";"1";"12";"20";"15";"";"";"1";"2009";"";
"512507270";"01";"LETRAS - LÍNGUA PORTUGUESA - CURRAIS NOVOS - TN - LICENCIATURA";"118922626";"LETRAS - LÍNGUA PORTUGUESA";"8";"8";"12";"";"";"";"147";"2910";"105";"0";"240";"2205";"147";"600";"1";"98";"99";"15";"";"0";"1";"2016";"";
"85736654";"01C";"FONOAUDIOLOGIA - NATAL - MT - FORMAÇÃO";"7410980";"FONOAUDIOLOGIA";"8";"8";"10";"";"";"";"148";"3600";"360";"180";"240";"2220";"148";"840";"10";"26";"35";"150";"";"0";"2";"2011";"";
"115765126";"02";"CIÊNCIAS E TECNOLOGIA - NATAL - MT - BACHARELADO";"10320810";"CIÊNCIAS E TECNOLOGIA";"6";"6";"10";"";"";"";"22";"2400";"390";"120";"240";"1890";"22";"0";"4";"24";"32";"60";"";"420";"1";"2016";"";
"21301691";"D10";"";"315754";"DOUTORADO EM ENGENHARIA QUÍMICA";"24";"48";"54";"24";"48";"54";"42";"630";"300";"";"240";"330";"22";"0";"1";"12";"16";"1";"";"";"1";"2010";"";
"139982";"02";"";"315742";"MESTRADO EM SISTEMAS E COMPUTAÇÃO";"12";"24";"30";"12";"24";"30";"0";"0";"0";"";"240";"0";"0";"0";"1";"12";"24";"1";"0";"";"1";"2005";"";
"117156353";"DMIDIA";"";"115789633";"DOUTORADO EM ESTUDOS DA MIDIA";"24";"36";"42";"24";"36";"42";"26";"480";"180";"";"0";"300";"14";"0";"1";"24";"30";"0";"";"";"1";"2016";"";
"11935820";"01";"";"9300590";"MESTRADO EM PRODUÇÃO ANIMAL";"12";"24";"36";"12";"24";"36";"24";"360";"300";"";"240";"60";"4";"0";"1";"16";"32";"0";"";"";"1";"2009";"";
"14329524";"9";"";"315750";"DOUTORADO EM ENGENHARIA ELÉTRICA E DE COMPUTAÇÃO";"24";"48";"60";"24";"48";"60";"36";"540";"540";"";"240";"0";"0";"0";"1";"12";"20";"0";"";"";"2";"2009";"";
"127185217";"mec18m";"";"315751";"MESTRADO EM ENGENHARIA MECÂNICA";"12";"24";"30";"12";"24";"30";"20";"300";"300";"";"0";"0";"0";"0";"";"";"";"0";"";"";"1";"2018";"";
"512507271";"03A";"LETRAS - INGLÊS - NATAL - M";"118840295";"LETRAS - INGLÊS";"8";"8";"12";"";"";"";"135";"2865";"240";"0";"240";"2025";"135";"600";"2";"26";"32";"15";"";"0";"1";"2016";"";
"125002449";"DMIDIA2";"";"115789633";"DOUTORADO EM ESTUDOS DA MIDIA";"24";"36";"42";"24";"36";"42";"26";"480";"180";"";"0";"300";"14";"0";"";"";"";"0";"";"";"1";"2016";"";
"98274167";"06A";"GEOGRAFIA - NATAL - N - LICENCIATURA";"111635053";"GEOGRAFIA";"9";"9";"14";"";"";"";"138";"2850";"180";"";"240";"2070";"138";"600";"4";"20";"24";"60";"";"";"2";"2013";"";
"2984610";"04";"CIÊNCIAS CONTÁBEIS - CAICÓ - MN - BACHARELADO";"2000012";"CIÊNCIAS CONTÁBEIS";"10";"10";"16";"";"";"";"164";"3160";"240";"0";"240";"2460";"164";"460";"1";"20";"24";"15";"";"0";"1";"2007";"";
"105113512";"L002";"";"95868917";"MESTRADO EM MÚSICA";"12";"24";"30";"12";"24";"30";"25";"375";"60";"";"0";"315";"21";"0";"1";"16";"32";"1";"";"";"1";"2013";"";
"89894150";"01 B";"MATEMÁTICA - NATAL - MTN - LICENCIATURA";"2000134";"MATEMÁTICA";"8";"8";"12";"";"";"";"151";"2865";"0";"0";"240";"2265";"151";"600";"4";"20";"24";"1";"";"0";"1";"2012";"";
"118438662";"EF-PROF";"";"117880399";"MESTRADO PROFISSIONAL EM EDUCAÇÃO FÍSICA EM REDE NACIONAL";"12";"24";"30";"12";"24";"30";"12";"450";"180";"";"0";"270";"0";"0";"";"";"";"0";"";"";"1";"2016";"";
"85712878";"02";"GESTÃO HOSPITALAR - NATAL - TN - TECNOLÓGICO";"2000159";"GESTÃO HOSPITALAR";"6";"6";"8";"";"";"";"0";"2460";"120";"";"240";"2280";"0";"60";"4";"29";"33";"60";"";"";"1";"2011";"";
"95585774";"05C";"CIÊNCIAS BIOLÓGICAS - NATAL - MT - BACHARELADO";"2000009";"CIÊNCIAS BIOLÓGICAS";"6";"8";"12";"";"";"";"152";"3215";"300";"0";"240";"2280";"152";"635";"4";"24";"32";"60";"";"0";"1";"2013";"";
"109352112";"Mst2015";"";"315747";"MESTRADO EM ENFERMAGEM";"12";"24";"30";"12";"24";"30";"30";"450";"210";"";"0";"240";"16";"0";"1";"15";"20";"1";"";"";"1";"2015";"";
"139948";"01";"";"315778";"MESTRADO EM CLÍNICAS ODONTOLÓGICAS";"12";"24";"30";"";"";"";"0";"0";"0";"";"240";"0";"0";"0";"1";"12";"99";"";"0";"";"0";"0";"";
"90358002";"MEST1";"";"315782";"MESTRADO EM CIÊNCIAS BIOLÓGICAS";"12";"24";"30";"12";"24";"30";"24";"360";"360";"";"0";"0";"0";"0";"1";"18";"26";"1";"";"";"1";"2012";"";
"119546991";"01";"TURISMO - CURRAIS NOVOS - TN";"2000071";"TURISMO";"8";"8";"12";"";"";"";"124";"2530";"360";"130";"240";"1860";"124";"180";"";"";"";"60";"";"0";"1";"2017";"";
"18068141";"01";"";"17565630";"MESTRADO EM NEUROCIÊNCIAS";"12";"24";"30";"12";"24";"30";"10";"240";"150";"";"240";"90";"0";"0";"1";"8";"16";"1";"";"";"2";"2009";"";
"51338069";"DOUT";"";"50903134";"DOUTORADO EM ENFERMAGEM NA ATENÇÃO À SAÚDE";"24";"48";"54";"24";"48";"54";"36";"540";"300";"";"0";"240";"16";"0";"1";"12";"18";"1";"";"";"1";"2011";"";
"87203525";"01";"EDUCAÇÃO FÍSICA - NATAL - I - LICENCIATURA";"50688664";"EDUCAÇÃO FÍSICA";"7";"8";"12";"";"";"";"149";"2955";"0";"0";"240";"2235";"149";"720";"1";"20";"24";"240";"";"";"1";"2012";"";
"118489457";"Dr004";"";"315743";"DOUTORADO EM CIÊNCIA DA COMPUTAÇÃO";"24";"48";"54";"24";"48";"54";"36";"540";"540";"";"0";"0";"0";"0";"";"";"";"0";"";"";"2";"2016";"";
"126873174";"IFT2017";"";"5036039";"RESIDÊNCIA MÉDICA EM INFECTOLOGIA";"";"";"";"";"";"";"36";"8535";"0";"";"0";"1095";"36";"7440";"";"";"";"0";"";"";"1";"2017";"";
"21988941";"D10";"";"9285380";"DOUTORADO EM BIOQUÍMICA";"24";"48";"60";"24";"48";"60";"20";"450";"240";"";"240";"210";"4";"0";"1";"12";"24";"0";"";"";"1";"2010";"";
"96186211";"001";"";"96067713";"MESTRADO PROFISSIONAL EM ENERGIA ELÉTRICA";"18";"24";"24";"18";"24";"24";"0";"240";"0";"";"0";"240";"0";"0";"1";"16";"24";"0";"";"";"1";"2013";"";
"91014816";"01B";"QUÍMICA - NATAL - MTN - LICENCIATURA";"2000144";"QUÍMICA";"8";"8";"12";"";"";"";"154";"2910";"0";"0";"240";"2310";"154";"600";"4";"16";"24";"1";"";"0";"1";"2012";"";
"100715660";"LET1D";"";"315758";"DOUTORADO EM ESTUDOS DA LINGUAGEM";"24";"48";"48";"24";"48";"48";"18";"270";"0";"";"0";"270";"18";"0";"1";"12";"24";"0";"";"";"2";"2013";"";
"116108894";"MNPEF";"";"114941932";"MESTRADO PROFISSIONAL EM ENSINO DE FÍSICA EM REDE NACIONAL";"12";"24";"30";"12";"24";"30";"28";"420";"60";"";"0";"360";"24";"0";"1";"6";"10";"30";"";"";"1";"2016";"";
"111465370";"02";"ENGENHARIA DE ALIMENTOS - NATAL - N - FORMAÇÃO";"2000150";"ENGENHARIA DE ALIMENTOS";"12";"12";"18";"";"";"";"187";"3615";"370";"185";"240";"2835";"187";"225";"2";"18";"36";"30";"";"420";"2";"2015";"";
"96727359";"01";"GESTÃO DE COOPERATIVAS - NATAL - MT - TECNOLÓGICO";"96726786";"GESTÃO DE COOPERATIVAS";"6";"6";"9";"";"";"";"0";"1900";"120";"100";"60";"1500";"0";"180";"1";"20";"32";"15";"";"";"1";"2013";"";
"510278490";"05B";"ARQUITETURA E URBANISMO - NATAL - MTN - FORMAÇÃO";"2000005";"ARQUITETURA E URBANISMO";"10";"10";"16";"";"";"";"236";"4880";"300";"0";"240";"3585";"236";"995";"10";"28";"40";"150";"";"600";"1";"2011";"";
"108814104";"05";"MATEMÁTICA - NATAL - MT - BACHARELADO";"2000054";"MATEMÁTICA";"8";"8";"12";"";"";"";"146";"2580";"260";"130";"120";"2190";"146";"0";"2";"22";"34";"60";"";"";"1";"2015";"";
"9510503";"03";"";"9300592";"DOUTORADO EM ECOLOGIA";"36";"48";"60";"36";"48";"60";"15";"525";"225";"";"240";"300";"0";"0";"2";"12";"24";"0";"";"";"1";"2009";"";
"100037865";"mp01";"";"97339504";"MESTRADO PROFISSIONAL EM GESTÃO DE PROCESSOS INSTITUCIONAIS";"12";"24";"30";"12";"24";"30";"12";"345";"180";"";"0";"165";"0";"0";"1";"12";"16";"0";"";"";"2";"2013";"";
"101092038";"EGM1";"";"101050293";"MESTRADO EM ENGENHARIA MECATRÔNICA";"12";"24";"30";"12";"24";"30";"24";"360";"180";"";"0";"180";"12";"0";"2";"12";"24";"0";"";"";"2";"2013";"";
"14329523";"8";"";"315750";"DOUTORADO EM ENGENHARIA ELÉTRICA E DE COMPUTAÇÃO";"24";"48";"60";"24";"48";"60";"36";"540";"540";"";"240";"0";"0";"0";"1";"12";"20";"0";"";"";"2";"2009";"";
"9406610";"04";"NUTRIÇÃO - NATAL - MT - FORMAÇÃO";"2000058";"NUTRIÇÃO";"9";"9";"12";"";"";"";"150";"4050";"750";"0";"240";"2385";"150";"915";"1";"98";"99";"15";"";"0";"1";"2009";"";
"115845247";"SCF01";"";"115830568";"MESTRADO EM SAUDE COLETIVA";"12";"24";"30";"12";"24";"30";"20";"300";"90";"";"0";"210";"14";"0";"1";"10";"14";"0";"";"";"1";"2016";"";
"10266851";"01";"";"9300330";"MESTRADO EM ENGENHARIA CIVIL";"12";"24";"30";"12";"24";"30";"24";"360";"315";"";"240";"45";"3";"0";"1";"9";"12";"1";"";"";"1";"2009";"";
"85868998";"02";"";"315789";"MESTRADO EM FISIOTERAPIA";"12";"24";"30";"12";"24";"30";"24";"360";"150";"";"0";"210";"14";"0";"2";"12";"36";"1";"";"";"1";"2010";"";
"140102";"03";"";"315743";"DOUTORADO EM CIÊNCIA DA COMPUTAÇÃO";"24";"48";"54";"24";"48";"54";"36";"540";"540";"";"240";"0";"0";"0";"1";"12";"99";"1";"0";"";"1";"2008";"";
"140046";"4 ";"";"315776";"MESTRADO EM CIÊNCIAS SOCIAIS";"12";"24";"30";"12";"24";"30";"4";"60";"0";"";"240";"60";"4";"0";"1";"1";"99";"0";"0";"";"1";"2004";"";
"96085636";"01";"HISTÓRIA - CAICÓ - MT - BACHARELADO";"2000047";"HISTÓRIA";"8";"8";"14";"";"";"";"140";"2850";"420";"0";"240";"2100";"140";"330";"4";"24";"28";"60";"";"0";"1";"2013";"";
"93191138";"01B";"FÍSICA - NATAL - MTN - LICENCIATURA";"2000124";"FÍSICA";"8";"10";"16";"";"";"";"164";"3060";"0";"";"240";"2460";"164";"600";"2";"16";"26";"30";"";"";"2";"2012";"";
"94084232";"04";"GEOLOGIA - NATAL - MT - FORMAÇÃO";"2000045";"GEOLOGIA";"10";"10";"14";"";"";"";"159";"3666";"600";"0";"60";"2886";"159";"180";"4";"24";"36";"60";"";"0";"1";"2013";"";
"100843";"02";"MÚSICA - NATAL - CANTO - MT - BACHARELADO";"2000057";"MÚSICA";"8";"8";"12";"";"";"";"36";"3075";"1650";"0";"240";"540";"36";"885";"1";"98";"99";"15";"0";"0";"2";"2006";"";
"85698118";"01b";"NUTRIÇÃO - SANTA CRUZ - MT - FORMAÇÃO";"10317040";"NUTRIÇÃO";"9";"9";"13";"";"";"";"133";"4015";"825";"0";"240";"2280";"133";"910";"2";"33";"35";"15";"";"";"1";"2012";"";
"121507906";"01";"JORNALISMO - NATAL - N";"118835329";"JORNALISMO";"9";"9";"12";"";"";"";"132";"3000";"420";"300";"60";"1980";"132";"300";"";"";"";"60";"";"420";"1";"2017";"";
"89214922";"06";"MATEMÁTICA - CAICÓ - MN - LICENCIATURA";"2000055";"MATEMÁTICA";"8";"8";"12";"";"";"";"160";"3210";"210";"0";"240";"2400";"160";"600";"1";"98";"99";"15";"";"0";"1";"2012";"";
"115838871";"02";"ENGENHARIA BIOMÉDICA - NATAL - N - FORMAÇÃO";"85341136";"ENGENHARIA BIOMÉDICA";"11";"11";"16";"";"";"";"88";"3685";"370";"185";"240";"2880";"88";"250";"4";"20";"32";"60";"";"0";"1";"2016";"";
"119522069";"03A";"LETRAS - LÍNGUA PORTUGUESA - NATAL - M";"118881115";"LETRAS - LÍNGUA PORTUGUESA";"8";"8";"12";"";"";"";"126";"2850";"360";"200";"240";"1890";"126";"400";"";"";"";"15";"";"0";"2";"2016";"";
"15401390";"01A";"CIÊNCIAS BIOLÓGICAS - NATAL - I - LICENCIATURA";"9295710";"CIÊNCIAS BIOLÓGICAS";"8";"8";"12";"";"";"";"146";"2910";"120";"0";"240";"2190";"146";"600";"8";"20";"30";"60";"";"0";"2";"2009";"";
"97095818";"D2013";"";"315765";"DOUTORADO EM ADMINISTRAÇÃO";"24";"48";"54";"24";"48";"54";"36";"540";"210";"";"0";"330";"22";"0";"2";"12";"20";"1";"";"";"1";"2013";"";
"110813967";"MPI2015";"";"108846991";"MESTRADO PROFISSIONAL EM CIÊNCIA, TECNOLOGIA E INOVAÇÃO";"12";"24";"30";"12";"24";"30";"25";"525";"270";"";"0";"105";"7";"150";"1";"12";"16";"1";"";"";"2";"2015";"";
"118785539";"CRTMS01";"";"118768231";"MESTRADO EM CIÊNCIAS DA REABILITAÇÃO/FACISA";"12";"24";"30";"12";"24";"30";"8";"300";"120";"";"0";"180";"0";"0";"";"";"";"0";"";"";"1";"2016";"";
"119527905";"02A";"LETRAS - LÍNGUA ESPANHOLA - CURRAIS NOVOS - N";"118922026";"LETRAS - LÍNGUA ESPANHOLA";"9";"9";"14";"";"";"";"136";"3060";"420";"200";"240";"2040";"136";"400";"";"";"";"180";"";"0";"2";"2016";"";
"90238249";"01";"EDUCAÇÃO FÍSICA - NATAL - N - LICENCIATURA";"85436676";"EDUCAÇÃO FÍSICA";"4";"5";"6";"";"";"";"52";"1220";"0";"";"240";"980";"52";"240";"10";"14";"24";"30";"";"";"1";"2012";"";
"91346571";"01";"";"91346221";"MESTRADO PROFISSIONAL EM DESIGN";"12";"18";"24";"12";"18";"24";"0";"315";"0";"";"0";"315";"0";"0";"1";"6";"12";"1";"";"";"1";"2012";"";
"140096";"04";"";"315761";"MESTRADO EM GEODINÂMICA E GEOFÍSICA";"12";"24";"30";"12";"24";"30";"24";"360";"300";"";"240";"60";"4";"0";"1";"16";"24";"1";"0";"";"1";"2004";"";
"102191533";"01";"LICENCIATURA EM CIÊNCIAS SOCIAIS - NATAL - MT - LICENCIATURA";"102191189";"LICENCIATURA EM CIÊNCIAS SOCIAIS";"8";"8";"10";"";"";"";"0";"2925";"540";"0";"240";"1740";"0";"645";"16";"24";"28";"240";"";"0";"1";"2014";"";
"91303732";"01";"MATEMÁTICA - NATAL - M - LICENCIATURA";"85436489";"MATEMÁTICA";"5";"5";"8";"";"";"";"88";"1380";"0";"";"60";"1320";"88";"60";"16";"16";"23";"60";"";"";"2";"2012";"";
"109352453";"Dot2015";"";"50903134";"DOUTORADO EM ENFERMAGEM NA ATENÇÃO À SAÚDE";"24";"42";"54";"24";"42";"54";"40";"600";"270";"";"0";"330";"22";"0";"1";"15";"20";"1";"";"";"1";"2015";"";
"19074700";"01";"";"19018260";"DOUTORADO EM DESENVOLVIMENTO E MEIO AMBIENTE";"24";"48";"60";"24";"48";"60";"2";"345";"0";"";"240";"345";"2";"0";"1";"8";"20";"1";"";"";"1";"2010";"";
"140030";"05";"";"315775";"MESTRADO EM CIÊNCIAS FARMACÊUTICAS";"12";"24";"30";"12";"24";"30";"17";"360";"255";"";"240";"105";"0";"0";"1";"12";"24";"1";"0";"";"1";"2005";"";
"506167922";"01B";"QUÍMICA DO PETRÓLEO - NATAL - MT - BACHARELADO";"3156200";"QUÍMICA DO PETRÓLEO";"8";"8";"12";"";"";"";"173";"3085";"180";"0";"240";"2595";"173";"310";"12";"26";"30";"180";"";"0";"1";"2011";"";
"139946";"02";"";"315773";"MESTRADO EM CIÊNCIAS DA SAÚDE";"12";"24";"30";"12";"24";"30";"24";"360";"360";"";"240";"0";"0";"0";"1";"12";"36";"0";"0";"";"1";"2007";"";
"139968";"02";"";"315774";"DOUTORADO EM CIÊNCIAS DA SAÚDE";"24";"48";"60";"24";"48";"60";"0";"0";"0";"";"240";"0";"0";"0";"1";"12";"36";"1";"0";"";"1";"2007";"";
"96069987";"001";"";"96067701";"MESTRADO PROFISSIONAL EM ENSINO NA SAÚDE";"18";"24";"24";"18";"24";"24";"7";"360";"105";"";"0";"255";"0";"0";"1";"12";"24";"0";"";"";"1";"2013";"";
"14206731";"02";"";"5876841";"DOUTORADO EM CIENCIAS CONTABEIS (UNB-UFRN-UFPB)";"24";"48";"60";"24";"48";"60";"36";"540";"345";"";"240";"195";"13";"0";"1";"12";"30";"0";"";"";"1";"2009";"";
"14206730";"01";"";"315772";"ZZZ MEST";"12";"24";"30";"12";"24";"30";"0";"0";"0";"";"240";"0";"0";"0";"1";"12";"30";"1";"";"";"1";"2009";"";
"14329522";"7";"";"315749";"MESTRADO EM ENGENHARIA ELÉTRICA E DE COMPUTAÇÃO";"12";"24";"30";"12";"24";"30";"24";"360";"360";"";"240";"0";"0";"0";"1";"12";"20";"0";"";"";"2";"2009";"";
"90609308";"PPGufrn";"";"90609271";"PRÓ-REITORIA DE PÓS-GRADUAÇÃO";"1";"1";"1";"1";"1";"1";"0";"1";"1";"";"0";"0";"0";"0";"1";"1";"1";"1";"";"";"1";"2012";"";
"14329525";"10";"";"315750";"DOUTORADO EM ENGENHARIA ELÉTRICA E DE COMPUTAÇÃO";"24";"48";"60";"24";"48";"60";"24";"360";"360";"";"240";"0";"0";"0";"1";"12";"20";"0";"";"";"2";"2009";"";
"115444268";"02";"TURISMO - NATAL - T - BACHARELADO";"2000069";"TURISMO";"8";"8";"12";"";"";"";"136";"2865";"300";"150";"240";"2040";"136";"375";"4";"24";"32";"15";"";"0";"1";"2016";"";
"121495702";"01";"JORNALISMO - NATAL - T";"118835329";"JORNALISMO";"8";"9";"12";"";"";"";"132";"3000";"420";"300";"60";"1980";"132";"300";"";"";"";"60";"";"420";"1";"2017";"";
"115522686";"04A";"ENGENHARIA CIVIL - NATAL - MTN - FORMAÇÃO";"2000025";"ENGENHARIA CIVIL";"10";"10";"15";"";"";"";"206";"3915";"393";"197";"240";"3090";"206";"235";"4";"30";"42";"300";"";"450";"1";"2016";"";
"51333162";"01";"LETRAS - NATAL - LINGUA PORTUGUESA - I - LICENCIATURA";"50852239";"LETRAS";"8";"8";"12";"";"";"";"168";"2970";"0";"0";"240";"2370";"168";"600";"16";"22";"46";"15";"";"0";"1";"2011";"";
"98659548";"BEF2013";"";"98469607";"MESTRADO EM BIOLOGIA ESTRUTURAL E FUNCIONAL";"12";"24";"30";"12";"24";"30";"26";"390";"180";"";"0";"210";"14";"0";"1";"12";"20";"0";"";"";"1";"2013";"";
"104458277";"ARQ14D";"";"315767";"DOUTORADO EM ARQUITETURA E URBANISMO";"24";"48";"54";"24";"48";"54";"12";"180";"90";"";"0";"90";"6";"0";"1";"12";"24";"0";"";"";"1";"2014";"";
"104457512";"ARQ14M";"";"315766";"MESTRADO EM ARQUITETURA E URBANISMO";"12";"24";"30";"12";"24";"30";"21";"315";"225";"";"0";"90";"6";"0";"1";"12";"24";"0";"";"";"1";"2014";"";
"103540503";"nut01";"";"103197769";"MESTRADO EM NUTRIÇÃO";"12";"24";"30";"12";"24";"30";"20";"300";"165";"";"0";"135";"9";"0";"2";"12";"20";"0";"";"";"2";"2014";"";
"95998495";"D-01";"";"95953799";"DOUTORADO EM GEOGRAFIA";"24";"48";"60";"24";"48";"60";"36";"540";"330";"";"0";"210";"14";"0";"2";"12";"24";"0";"";"";"1";"2013";"";
"104127227";"01D";"GESTÃO DE POLÍTICAS PÚBLICAS - NATAL - T - BACHARELADO";"10426760";"GESTÃO DE POLÍTICAS PÚBLICAS";"6";"6";"9";"";"";"";"0";"2410";"1215";"400";"240";"0";"0";"795";"1";"22";"30";"150";"";"0";"2";"2014";"";
"96783901";"02A";"LETRAS - - NATAL - INGLES - T - LICENCIATURA";"84767886";"LETRAS -";"5";"5";"6";"";"";"";"68";"1340";"120";"";"240";"1020";"68";"200";"1";"99";"99";"15";"";"";"2";"2011";"";
"25767750";"01";"ENGENHARIA DE AQUICULTURA - NATAL - MT - BACHARELADO";"2576623";"ENGENHARIA DE AQUICULTURA";"10";"10";"14";"";"";"";"180";"3630";"240";"0";"240";"2700";"180";"690";"16";"24";"32";"240";"";"0";"1";"2011";"";
"4500440";"01";"CIÊNCIAS CONTÁBEIS PARA AS ORGANIZAÇÕES SOCIAIS E COOPERATIVAS - NATAL - I - BACHARELADO";"4492640";"CIÊNCIAS CONTÁBEIS PARA AS ORGANIZAÇÕES SOCIAIS E COOPERATIVAS";"1";"8";"8";"";"";"";"168";"2970";"0";"";"240";"2520";"168";"450";"20";"24";"28";"";"";"";"2";"2008";"";
"87279856";"MEST11";"";"315770";"MESTRADO EM CIÊNCIA E ENGENHARIA DE MATERIAIS";"12";"24";"30";"12";"24";"30";"24";"360";"90";"";"0";"270";"18";"0";"1";"12";"16";"1";"";"";"1";"2011";"";
"139985";"03";"";"315777";"DOUTORADO EM CIÊNCIAS SOCIAIS";"24";"48";"60";"24";"48";"60";"16";"240";"180";"";"240";"60";"4";"0";"1";"8";"99";"0";"0";"";"1";"2004";"";
"14955040";"01A";"PEDAGOGIA - CAICÓ - M - LICENCIATURA";"2000064";"PEDAGOGIA";"9";"9";"14";"";"";"";"172";"3250";"180";"0";"240";"2580";"172";"490";"4";"25";"30";"90";"";"0";"1";"2008";"";
"16933010";"03";"";"16932350";"MESTRADO EM CIENCIAS CONTABEIS (UNB-UFRN-UFPB)";"12";"24";"30";"12";"24";"30";"27";"405";"210";"";"240";"195";"13";"0";"1";"12";"24";"1";"";"";"1";"2008";"";
"507135240";"01B";"LETRAS - LÍNGUA PORTUGUESA - CURRAIS NOVOS - TN - LICENCIATURA";"2000053";"LETRAS";"8";"8";"12";"";"";"";"147";"2910";"105";"0";"240";"2205";"147";"600";"1";"98";"99";"15";"";"0";"1";"2011";"";
"140101";"01";"";"507420";"MESTRADO EM ARTES CÊNICAS";"12";"24";"30";"12";"24";"30";"12";"180";"0";"";"240";"180";"12";"0";"1";"8";"24";"0";"0";"";"1";"2008";"";
"89976258";"MEST1";"";"315733";"MESTRADO EM PATOLOGIA ORAL";"12";"24";"30";"12";"24";"30";"28";"420";"0";"";"0";"420";"28";"0";"2";"12";"36";"1";"";"";"1";"2012";"";
"110402692";"02";"ENGENHARIA MECÂNICA - NATAL - N - FORMAÇÃO";"2000031";"ENGENHARIA MECÂNICA";"10";"11";"15";"";"";"";"0";"3850";"390";"210";"240";"3030";"0";"220";"17";"23";"29";"260";"";"0";"2";"2015";"";
"102390005";"01A";"PEDAGOGIA - NATAL - I - LICENCIATURA";"50799262";"PEDAGOGIA";"8";"8";"12";"";"";"";"177";"3215";"0";"0";"240";"2655";"177";"560";"15";"20";"30";"15";"";"0";"1";"2014";"";
"101091481";"BPA1";"";"101050284";"MESTRADO EM BIOLOGIA PARASITÁRIA";"12";"24";"30";"12";"24";"30";"28";"420";"90";"";"0";"330";"22";"0";"2";"12";"24";"1";"";"";"2";"2013";"";
"102200805";"02";"TECNOLOGIA DA INFORMAÇÃO - NATAL - MT - BACHARELADO";"92127264";"TECNOLOGIA DA INFORMAÇÃO";"6";"7";"10";"";"";"";"36";"2600";"300";"140";"120";"2160";"36";"0";"2";"28";"32";"30";"";"0";"1";"2014";"";
"118270825";"D001";"";"117229950";"DOUTORADO EM SERVIÇO SOCIAL";"42";"48";"54";"42";"48";"54";"18";"540";"210";"";"0";"330";"4";"0";"";"";"";"0";"";"";"1";"2016";"";
"84744694";"MEST";"";"84739860";"MESTRADO EM SAÚDE COLETIVA";"12";"24";"30";"12";"24";"30";"18";"270";"270";"";"0";"0";"0";"0";"1";"15";"30";"1";"";"";"1";"2011";"";
"10340341";"04A";"ADMINISTRAÇÃO - NATAL - N - BACHARELADO";"2000002";"ADMINISTRAÇÃO";"10";"10";"14";"";"";"";"165";"3075";"300";"0";"240";"2595";"165";"180";"1";"20";"30";"15";"";"0";"1";"2009";"";
"508197380";"01A";"ENGENHARIA DE PRODUÇÃO - NATAL - T - FORMAÇÃO";"2000029";"ENGENHARIA DE PRODUÇÃO";"10";"10";"15";"";"";"";"207";"3915";"390";"0";"60";"3105";"207";"420";"2";"26";"32";"30";"";"0";"1";"2011";"";
"97095666";"M2013";"";"315764";"MESTRADO EM ADMINISTRAÇÃO";"12";"24";"30";"12";"24";"30";"24";"360";"210";"";"0";"150";"10";"0";"2";"12";"24";"1";"";"";"1";"2013";"";
"109427699";"dout15";"";"108847150";"DOUTORADO EM ENSINO DE CIÊNCIAS E MATEMÁTICA";"24";"36";"48";"24";"36";"48";"24";"360";"90";"";"0";"270";"18";"0";"1";"12";"20";"1";"";"";"2";"2015";"";
"512462200";"01A";"GESTÃO EM SISTEMAS E SERVIÇOS DE SAÚDE - NATAL - N - BACHARELADO";"7252420";"GESTÃO EM SISTEMAS E SERVIÇOS DE SAÚDE";"8";"8";"12";"";"";"";"44";"2910";"180";"0";"240";"2115";"44";"615";"1";"98";"99";"15";"";"0";"1";"2011";"";
"508208500";"01";"";"50798281";"MESTRADO EM DEMOGRAFIA";"12";"24";"36";"12";"24";"36";"0";"301";"1";"";"0";"300";"0";"0";"1";"8";"24";"1";"";"";"1";"2011";"";
"89189948";"07";"GEOGRAFIA - CAICÓ - MT - LICENCIATURA";"111635055";"GEOGRAFIA";"8";"8";"14";"";"";"";"139";"2870";"180";"0";"240";"2085";"139";"605";"1";"21";"30";"15";"";"0";"1";"2012";"";
"115305512";"02";"CIÊNCIAS E TECNOLOGIA - NATAL - MT - BACHARELADO";"10320810";"CIÊNCIAS E TECNOLOGIA";"7";"7";"10";"";"";"";"32";"2400";"240";"120";"240";"2040";"32";"0";"4";"24";"42";"60";"";"0";"1";"2016";"";
"100204476";"ES-01";"";"100181629";"MESTRADO PROFISSIONAL EM ENGENHARIA DE SOFTWARE";"18";"24";"30";"18";"24";"30";"24";"360";"180";"";"0";"180";"12";"0";"2";"12";"24";"0";"";"";"2";"2013";"";
"116364687";"MFIL15";"";"315759";"MESTRADO EM FILOSOFIA";"12";"24";"30";"12";"24";"30";"16";"270";"240";"";"0";"30";"0";"0";"1";"24";"30";"0";"";"";"2";"2015";"";
"96085436";"01";"HISTÓRIA - CAICÓ - N - LICENCIATURA";"111635060";"HISTÓRIA";"8";"8";"14";"";"";"";"132";"3000";"420";"0";"240";"1980";"132";"600";"4";"24";"28";"60";"";"0";"1";"2013";"";
"508197381";"01A";"ENGENHARIA DE PRODUÇÃO - NATAL - N - FORMAÇÃO";"2000029";"ENGENHARIA DE PRODUÇÃO";"12";"12";"18";"";"";"";"207";"3915";"390";"0";"60";"3105";"207";"420";"2";"20";"30";"60";"";"0";"1";"2011";"";
"113772442";"PHIST01";"";"113759737";"MESTRADO PROFISSIONAL EM ENSINO DE HISTÓRIA - PROFHISTORIA";"12";"24";"30";"12";"24";"30";"14";"420";"210";"";"0";"210";"0";"0";"1";"16";"24";"1";"";"";"2";"2015";"";
"109890751";"GEOP1";"";"108847073";"MESTRADO PROFISSIONAL EM GEOGRAFIA";"12";"24";"30";"12";"24";"30";"4";"60";"0";"";"0";"60";"4";"0";"2";"12";"24";"0";"";"";"1";"2015";"";
"89306921";"08";"GEOGRAFIA - CAICÓ - N - BACHARELADO";"2000044";"GEOGRAFIA";"8";"8";"14";"";"";"";"115";"2405";"180";"0";"240";"1725";"115";"500";"1";"21";"30";"15";"";"0";"1";"2012";"";
"506825900";"04A";"FÍSICA - NATAL - MT - BACHARELADO";"2000041";"FÍSICA";"8";"8";"12";"";"";"";"156";"2730";"120";"";"240";"2340";"156";"270";"4";"25";"36";"60";"";"";"1";"2011";"";
"84763108";"DOUT";"";"84739891";"DOUTORADO EM SAÚDE COLETIVA";"24";"48";"60";"24";"48";"60";"28";"420";"420";"";"0";"0";"0";"0";"1";"12";"24";"1";"";"";"1";"2011";"";
"89059693";"01";"ENGENHARIA DE COMPUTAÇÃO - NATAL - MT - FORMAÇÃO";"2000026";"ENGENHARIA DE COMPUTAÇÃO";"10";"10";"12";"";"";"";"102";"3890";"300";"0";"240";"3180";"102";"410";"8";"26";"32";"15";"";"0";"1";"2012";"";
"101850027";"02";"GEOFÍSICA - NATAL - MT - BACHARELADO";"2936390";"GEOFÍSICA";"8";"8";"12";"";"";"";"148";"2910";"300";"0";"240";"2220";"148";"390";"8";"26";"30";"120";"";"0";"1";"2014";"";
"119513031";"01";"COMUNICAÇÃO SOCIAL - AUDIOVISUAL - NATAL - N";"119512361";"COMUNICAÇÃO SOCIAL - AUDIOVISUAL";"9";"9";"13";"";"";"";"124";"2700";"300";"200";"240";"1860";"124";"340";"";"";"";"300";"";"0";"1";"2017";"";
"85370597";"01";"PEDAGOGIA - NATAL - N - LICENCIATURA";"2000063";"PEDAGOGIA";"10";"10";"14";"";"";"";"174";"3220";"180";"0";"240";"2610";"174";"430";"8";"18";"24";"240";"";"0";"2";"2011";"";
"85347824";"01";"PEDAGOGIA - NATAL - T - LICENCIATURA";"2000063";"PEDAGOGIA";"8";"8";"12";"";"";"";"174";"3220";"180";"0";"240";"2610";"174";"430";"16";"26";"30";"240";"";"0";"2";"2011";"";
"113806565";"PGGIC1";"";"113140463";"MESTRADO PROFISSIONAL EM GESTÃO DA INFORMAÇÃO E DO CONHECIMENTO";"12";"24";"30";"12";"24";"30";"24";"360";"240";"";"0";"120";"8";"0";"1";"16";"24";"0";"";"";"2";"2015";"";
"114310304";"PQUIM1";"";"114310260";"MESTRADO PROFISSIONAL EM QUÍMICA - PROFQUI";"12";"24";"30";"12";"24";"30";"80";"1200";"0";"";"0";"1200";"80";"0";"4";"12";"24";"0";"";"";"2";"2015";"";
"100399";"01";"AQUICULTURA - NATAL - MT - BACHARELADO";"2000114";"AQUICULTURA";"8";"8";"12";"";"";"";"138";"2820";"240";"";"240";"2070";"138";"510";"1";"98";"99";"0";"0";"";"2";"2002";"";
"102507547";"DOUT";"";"98462514";"DOUTORADO EM NANOTECNOLOGIA FARMACÊUTICA";"24";"36";"48";"24";"36";"48";"0";"0";"0";"";"0";"0";"0";"0";"1";"12";"16";"0";"";"";"2";"2013";"";
"21301690";"M09";"";"315753";"MESTRADO EM ENGENHARIA QUÍMICA";"12";"24";"30";"12";"24";"30";"24";"360";"120";"";"240";"240";"16";"0";"1";"12";"16";"1";"";"";"1";"2010";"";
"115306301";"02";"CIÊNCIAS E TECNOLOGIA - NATAL - N - BACHARELADO";"10320810";"CIÊNCIAS E TECNOLOGIA";"7";"7";"11";"";"";"";"32";"2400";"240";"120";"240";"2040";"32";"0";"4";"24";"42";"60";"";"0";"1";"2016";"";
"110813036";"DR2015";"";"110710810";"DOUTORADO EM CIÊNCIAS FARMACÊUTICAS";"24";"48";"54";"24";"48";"54";"26";"540";"390";"";"0";"150";"0";"0";"1";"12";"16";"1";"";"";"2";"2015";"";
"87144758";"DOUT11";"";"315771";"DOUTORADO EM CIÊNCIA E ENGENHARIA DE MATERIAIS";"24";"48";"54";"24";"48";"54";"36";"540";"180";"";"0";"360";"24";"0";"2";"12";"16";"1";"";"";"1";"2011";"";
"91477917";"MP01";"";"91477182";"MESTRADO PROFISSIONAL EM ARQUITETURA, PROJETO E MEIO AMBIENTE";"18";"24";"24";"18";"24";"24";"15";"225";"0";"";"0";"225";"15";"0";"1";"8";"12";"0";"";"";"2";"2010";"";
"510231320";"04B";"ADMINISTRAÇÃO - NATAL - M - BACHARELADO";"2000002";"ADMINISTRAÇÃO";"8";"8";"12";"";"";"";"165";"3075";"300";"0";"240";"2595";"165";"180";"1";"20";"30";"15";"";"0";"1";"2011";"";
"88963809";"CAR0002";"";"5036026";"RESIDÊNCIA MÉDICA EM CARDIOLOGIA";"24";"24";"24";"";"";"";"0";"11928";"5760";"";"0";"18";"0";"6150";"2880";"2880";"2880";"5760";"";"";"1";"2010";"";
"508409070";"05B";"CIÊNCIAS BIOLÓGICAS - NATAL - MT - LICENCIATURA";"111635035";"CIÊNCIAS BIOLÓGICAS";"8";"8";"12";"";"";"";"164";"3180";"120";"0";"240";"2460";"164";"600";"4";"24";"32";"60";"";"0";"1";"2011";"";
"107405556";"02";"CIÊNCIAS E TECNOLOGIA - NATAL - N - BACHARELADO";"10320810";"CIÊNCIAS E TECNOLOGIA";"7";"7";"10";"";"";"";"0";"2400";"1020";"120";"240";"1260";"0";"0";"4";"24";"32";"120";"";"0";"1";"2015";"";
"119512659";"01A";"LETRAS - LÍNGUA ESPANHOLA - NATAL - N";"118880834";"LETRAS - LÍNGUA ESPANHOLA";"9";"9";"14";"";"";"";"132";"2880";"300";"200";"240";"1980";"132";"400";"";"";"";"15";"";"0";"2";"2016";"";
"115307035";"02";"CIÊNCIAS E TECNOLOGIA - NATAL - N - BACHARELADO";"10320810";"CIÊNCIAS E TECNOLOGIA";"7";"7";"11";"";"";"";"0";"2400";"240";"120";"240";"2040";"0";"0";"4";"24";"42";"60";"";"0";"1";"2016";"";
"108233338";"05";"FILOSOFIA - NATAL - N - LICENCIATURA";"111635047";"FILOSOFIA";"8";"8";"12";"";"";"";"104";"2820";"660";"200";"240";"1560";"104";"400";"15";"20";"28";"60";"";"0";"1";"2015";"";
"115803290";"02";"CIÊNCIAS E TECNOLOGIA - NATAL - MTN - BACHARELADO";"10320810";"CIÊNCIAS E TECNOLOGIA";"5";"7";"9";"";"";"";"36";"2400";"240";"120";"240";"2040";"36";"0";"4";"24";"32";"60";"";"0";"1";"2016";"";
"115272412";"02";"CIÊNCIAS E TECNOLOGIA - NATAL - N - BACHARELADO";"10320810";"CIÊNCIAS E TECNOLOGIA";"7";"7";"11";"";"";"";"28";"2400";"240";"120";"240";"2040";"28";"0";"4";"7";"32";"60";"";"0";"1";"2016";"";
"115273212";"02";"CIÊNCIAS E TECNOLOGIA - NATAL - T - BACHARELADO";"10320810";"CIÊNCIAS E TECNOLOGIA";"6";"6";"10";"";"";"";"28";"2400";"240";"120";"240";"2040";"28";"0";"4";"24";"32";"60";"";"0";"1";"2016";"";
"101668492";"01B";"FISIOTERAPIA - SANTA CRUZ - MT - FORMAÇÃO";"10345860";"FISIOTERAPIA";"10";"10";"15";"";"";"";"47";"4020";"414";"0";"240";"3360";"47";"246";"2";"28";"34";"30";"";"0";"1";"2014";"";
"116367936";"DFIL15";"";"115789618";"DOUTORADO EM FILOSOFIA";"24";"48";"50";"24";"48";"50";"10";"180";"150";"";"0";"30";"0";"0";"1";"24";"36";"0";"";"";"2";"2015";"";
"96083666";"03";"HISTÓRIA - CAICÓ - MT - LICENCIATURA";"111635060";"HISTÓRIA";"8";"8";"14";"";"";"";"132";"3000";"420";"0";"240";"1980";"132";"600";"4";"24";"28";"30";"";"0";"1";"2013";"";
"110402202";"06";"ENGENHARIA MECÂNICA - NATAL - MT - FORMAÇÃO";"2000031";"ENGENHARIA MECÂNICA";"10";"10";"15";"";"";"";"0";"3850";"390";"210";"240";"3030";"0";"220";"17";"25";"29";"260";"";"0";"2";"2015";"";
"105519342";"04";"CIÊNCIAS CONTÁBEIS - NATAL - N - BACHARELADO";"2000011";"CIÊNCIAS CONTÁBEIS";"10";"10";"15";"";"";"";"160";"3000";"300";"160";"240";"2400";"160";"140";"4";"24";"28";"60";"";"0";"1";"2015";"";
"100758";"02";"HISTÓRIA - NATAL - M - BACHARELADO";"2000046";"HISTÓRIA";"10";"10";"14";"";"";"";"108";"2570";"480";"0";"240";"1620";"108";"470";"4";"20";"32";"60";"0";"0";"1";"2004";"";
"88987695";"UROHUOL";"";"5036037";"RESIDÊNCIA MÉDICA EM UROLOGIA";"36";"36";"36";"";"";"";"0";"2640";"200";"";"0";"0";"0";"2440";"1";"1";"1";"2220";"";"";"1";"2005";"";
"108818993";"06";"MATEMÁTICA - NATAL - MT - LICENCIATURA";"111635066";"MATEMÁTICA";"8";"8";"12";"";"";"";"128";"2820";"300";"200";"120";"1920";"128";"400";"4";"22";"34";"60";"";"0";"1";"2015";"";
"505860900";"03B";"SERVIÇO SOCIAL - NATAL - M - BACHARELADO";"2000068";"SERVIÇO SOCIAL";"8";"8";"12";"";"";"";"132";"2850";"285";"";"240";"1980";"132";"585";"8";"26";"26";"120";"";"";"1";"2011";"";
"18999001";"02A";"QUÍMICA - NATAL - N - LICENCIATURA";"111635075";"QUÍMICA";"8";"10";"15";"";"";"";"153";"3165";"240";"0";"240";"2295";"153";"630";"12";"26";"30";"180";"";"0";"1";"2011";"";
"95129886";"NRP0001";"";"5036044";"RESIDÊNCIA MÉDICA EM NEUROLOGIA PEDIÁTRICA";"24";"24";"24";"";"";"";"2";"30";"0";"";"0";"30";"2";"0";"";"";"";"0";"";"";"1";"2010";"";
"115306807";"02";"CIÊNCIAS E TECNOLOGIA - NATAL - MT - BACHARELADO";"10320810";"CIÊNCIAS E TECNOLOGIA";"7";"7";"10";"";"";"";"0";"2400";"240";"120";"240";"2040";"0";"0";"4";"24";"42";"60";"";"0";"1";"2016";"";
"508409071";"02C";"CIÊNCIAS BIOLÓGICAS - NATAL - N - LICENCIATURA";"111635035";"CIÊNCIAS BIOLÓGICAS";"9";"10";"14";"";"";"";"164";"3180";"120";"0";"240";"2460";"164";"600";"4";"20";"32";"60";"";"0";"1";"2011";"";
"20506160";"04C";"PSICOLOGIA - NATAL - MT - FORMAÇÃO";"2000066";"PSICOLOGIA";"10";"10";"16";"";"";"";"44";"4085";"300";"200";"240";"2295";"44";"1290";"1";"98";"99";"15";"";"0";"1";"2010";"";
"140087";"05";"";"315735";"MESTRADO EM PSICOBIOLOGIA";"12";"24";"30";"12";"24";"30";"10";"150";"0";"";"240";"150";"10";"0";"2";"8";"24";"1";"0";"";"1";"2006";"";
"140035";"01";"";"315731";"MESTRADO EM GEOGRAFIA";"12";"24";"30";"12";"24";"30";"16";"240";"240";"";"240";"0";"0";"0";"1";"5";"20";"1";"0";"";"1";"2005";"";
"98189218";"02";"TEATRO - NATAL - M - LICENCIATURA";"2000158";"TEATRO";"8";"8";"12";"";"";"";"126";"3240";"510";"";"240";"1890";"126";"840";"4";"28";"32";"60";"";"";"1";"2014";"";
"98189470";"02";"TEATRO - NATAL - M - LICENCIATURA";"2000158";"TEATRO";"8";"8";"12";"";"";"";"126";"3240";"510";"";"240";"1890";"126";"840";"4";"28";"32";"60";"";"";"1";"2014";"";
"98189301";"02";"TEATRO - NATAL - M - LICENCIATURA";"2000158";"TEATRO";"8";"8";"12";"";"";"";"126";"3240";"510";"";"240";"1890";"126";"840";"4";"28";"32";"60";"";"";"1";"2014";"";
"98189385";"02";"TEATRO - NATAL - M - LICENCIATURA";"2000158";"TEATRO";"8";"8";"12";"";"";"";"126";"3240";"510";"";"240";"1890";"126";"840";"4";"28";"32";"60";"";"";"1";"2014";"";
"510231325";"05B";"FARMÁCIA - NATAL - MT - FORMAÇÃO";"2000039";"FARMÁCIA";"9";"9";"14";"";"";"";"198";"4200";"360";"0";"240";"2970";"198";"870";"1";"98";"99";"15";"";"0";"1";"2011";"";
"115764587";"02";"CIÊNCIAS E TECNOLOGIA - NATAL - N - BACHARELADO";"10320810";"CIÊNCIAS E TECNOLOGIA";"7";"7";"11";"";"";"";"26";"2400";"270";"120";"240";"2010";"26";"0";"4";"24";"32";"60";"";"0";"1";"2016";"";
"102187364";"01";"METEOROLOGIA - NATAL - T - BACHARELADO";"101644626";"METEOROLOGIA";"8";"8";"12";"";"";"";"156";"3300";"360";"180";"120";"2340";"156";"420";"4";"24";"26";"60";"";"0";"1";"2014";"";
"98187355";"02";"TEATRO - NATAL - M - LICENCIATURA";"2000158";"TEATRO";"8";"8";"12";"";"";"";"134";"3240";"510";"0";"240";"2010";"134";"720";"4";"28";"32";"60";"";"0";"1";"2014";"";
"119521179";"04";"LETRAS - LÍNGUA PORTUGUESA - NATAL - N";"118881115";"LETRAS - LÍNGUA PORTUGUESA";"10";"10";"15";"";"";"";"126";"2850";"360";"200";"240";"1890";"126";"400";"";"";"";"60";"";"0";"2";"2016";"";
"115274781";"02";"ENGENHARIA DE MATERIAIS - NATAL - T - FORMAÇÃO";"2000027";"ENGENHARIA DE MATERIAIS";"10";"10";"14";"";"";"";"80";"3680";"420";"190";"120";"2820";"80";"250";"4";"24";"32";"60";"";"0";"1";"2016";"";
"90181406";"MCFL1";"";"90156472";"MESTRADO EM CIÊNCIAS FLORESTAIS";"12";"24";"30";"12";"24";"30";"24";"360";"240";"";"0";"120";"8";"0";"2";"12";"24";"0";"";"";"1";"2012";"";
"103639959";"01B";"DANÇA - NATAL - N - LICENCIATURA";"7264330";"DANÇA";"8";"8";"12";"";"";"";"88";"2820";"780";"0";"240";"1320";"88";"720";"4";"16";"24";"60";"";"0";"1";"2014";"";
"98463213";"01B";"TURISMO - CURRAIS NOVOS - MT - BACHARELADO";"2000071";"TURISMO";"4";"8";"12";"";"";"";"152";"3110";"240";"0";"240";"2280";"152";"590";"4";"24";"36";"60";"";"540";"1";"2013";"";
"98776589";"04";"FISIOTERAPIA - NATAL - MT - FORMAÇÃO";"2000042";"FISIOTERAPIA";"10";"10";"15";"";"";"";"173";"4260";"450";"0";"240";"2595";"173";"1215";"4";"30";"42";"60";"";"0";"2";"2013";"";
"9463980";"04";"ENFERMAGEM - NATAL - MT - FORMAÇÃO";"2000023";"ENFERMAGEM";"9";"9";"12";"";"";"";"212";"4220";"120";"0";"240";"3180";"212";"920";"1";"98";"99";"15";"";"0";"1";"2009";"";
"86369001";"MSS1";"";"315741";"MESTRADO EM SERVIÇO SOCIAL";"12";"24";"30";"12";"24";"30";"20";"300";"120";"";"0";"180";"12";"0";"3";"12";"24";"1";"";"";"2";"2011";"";
"115802434";"02";"CIÊNCIAS E TECNOLOGIA - NATAL - MT - BACHARELADO";"10320810";"CIÊNCIAS E TECNOLOGIA";"5";"7";"9";"";"";"";"30";"2400";"270";"120";"240";"2010";"30";"0";"4";"24";"32";"60";"";"0";"1";"2016";"";
"10340342";"01";"FARMÁCIA - NATAL - N - FORMAÇÃO";"2000039";"FARMÁCIA";"13";"13";"20";"";"";"";"198";"4200";"360";"0";"240";"2970";"198";"870";"1";"98";"99";"15";"";"0";"1";"2009";"";
"89352121";"04C";"ESTATÍSTICA - NATAL - M - FORMAÇÃO";"2000034";"ESTATÍSTICA";"8";"8";"16";"";"";"";"122";"3005";"780";"0";"240";"1830";"122";"395";"1";"26";"52";"15";"";"0";"1";"2012";"";
"139987";"01";"";"315759";"MESTRADO EM FILOSOFIA";"18";"24";"30";"18";"24";"30";"0";"0";"0";"";"240";"0";"0";"0";"1";"9";"18";"0";"0";"";"1";"2001";"";
"105512207";"04";"CIÊNCIAS CONTÁBEIS - NATAL - M - BACHARELADO";"2000011";"CIÊNCIAS CONTÁBEIS";"10";"10";"15";"";"";"";"160";"3000";"300";"160";"240";"2400";"160";"140";"4";"24";"28";"60";"";"0";"1";"2015";"";
"98275660";"04B";"GEOGRAFIA - NATAL - M - BACHARELADO";"2000043";"GEOGRAFIA";"8";"8";"12";"";"";"";"126";"2430";"240";"0";"240";"1890";"126";"300";"1";"98";"99";"60";"";"";"1";"2014";"";
"9510501";"01";"";"9513330";"MESTRADO EM ECOLOGIA";"12";"24";"36";"12";"24";"36";"0";"300";"0";"";"240";"300";"0";"0";"2";"12";"20";"0";"";"";"1";"2009";"";
"20503690";"04C";"PSICOLOGIA - NATAL - MT - FORMAÇÃO";"2000066";"PSICOLOGIA";"10";"10";"16";"";"";"";"44";"4085";"300";"200";"240";"2295";"44";"1290";"1";"98";"99";"15";"";"0";"1";"2010";"";
"508377771";"02";"ENGENHARIA TÊXTIL - NATAL - TN - FORMAÇÃO";"2000033";"ENGENHARIA TÊXTIL";"10";"10";"16";"";"";"";"201";"3790";"450";"0";"240";"3015";"201";"325";"4";"25";"32";"30";"";"0";"1";"2011";"";
"506167921";"01B";"QUÍMICA - NATAL - M - BACHARELADO";"2000067";"QUÍMICA";"8";"8";"12";"";"";"";"157";"2845";"180";"0";"240";"2355";"157";"310";"12";"26";"30";"180";"";"0";"1";"2011";"";
"119513876";"01";"COMUNICAÇÃO SOCIAL - AUDIOVISUAL - NATAL - T";"119512361";"COMUNICAÇÃO SOCIAL - AUDIOVISUAL";"8";"8";"12";"";"";"";"124";"2700";"300";"200";"240";"1860";"124";"340";"";"";"";"300";"";"0";"1";"2017";"";
"21631770";"1";"";"2163123";"CLINICA MEDICA";"10";"28";"32";"";"";"";"0";"5388";"0";"";"240";"0";"0";"5388";"0";"0";"0";"";"";"";"1";"2010";"";
"89572913";"NCR0001";"";"5036042";"RESIDÊNCIA MÉDICA EM NEUROCIRURGIA";"58";"60";"72";"";"";"";"0";"12775";"100";"";"0";"0";"0";"12675";"60";"66";"86";"1440";"";"";"1";"2006";"";
"140037";"04";"";"315728";"DOUTORADO EM FÍSICA";"24";"48";"54";"24";"48";"54";"40";"600";"360";"";"240";"240";"16";"0";"4";"48";"54";"0";"0";"";"1";"2005";"";
"90456597";"OTG0101";"";"5036046";"RESIDÊNCIA MÉDICA EM OTORRINOLARINGOLOGIA";"12";"12";"12";"";"";"";"0";"10";"0";"";"0";"0";"0";"10";"";"";"";"0";"";"";"1";"2012";"";
"90518856";"CIG0505";"";"5036028";"RESIDÊNCIA MÉDICA EM CIRURGIA GERAL";"12";"12";"12";"";"";"";"0";"2258";"0";"";"0";"0";"0";"1908";"";"";"";"0";"";"";"1";"2011";"";
"18068142";"02";"";"17565631";"DOUTORADO EM NEUROCIÊNCIAS";"24";"48";"60";"24";"48";"60";"12";"360";"180";"";"240";"180";"0";"0";"1";"12";"24";"1";"";"";"2";"2009";"";
"121562069";"EUR2017";"";"19106930";"MESTRADO EM ESTUDOS URBANOS E REGIONAIS";"12";"24";"30";"12";"24";"30";"32";"480";"180";"";"0";"300";"20";"0";"";"";"";"0";"";"";"1";"2017";"";
"509141880";"01";"HISTÓRIA - - NATAL - I - LICENCIATURA";"50913238";"HISTÓRIA -";"8";"8";"12";"";"";"";"129";"2835";"300";"0";"240";"1935";"129";"600";"8";"22";"25";"60";"";"680";"1";"2014";"";
"507863460";"01A";"EDUCAÇÃO FÍSICA - NATAL - MT - LICENCIATURA";"111635041";"EDUCAÇÃO FÍSICA";"8";"8";"12";"";"";"";"106";"3035";"780";"0";"240";"1590";"106";"665";"4";"24";"32";"60";"";"0";"1";"2011";"";
"101669220";"02";"TECNOLOGIA DA INFORMAÇÃO - NATAL - N - BACHARELADO";"92127264";"TECNOLOGIA DA INFORMAÇÃO";"6";"9";"13";"";"";"";"0";"2600";"300";"140";"120";"2160";"0";"0";"2";"20";"32";"30";"";"0";"1";"2014";"";
"9510504";"04";"";"9300592";"DOUTORADO EM ECOLOGIA";"36";"48";"60";"36";"48";"60";"15";"525";"225";"";"240";"300";"0";"0";"2";"12";"24";"0";"";"";"1";"2009";"";
"510230600";"02B";"BIBLIOTECONOMIA - NATAL - T - BACHARELADO";"2000006";"BIBLIOTECONOMIA";"8";"8";"12";"";"";"";"152";"2880";"240";"";"240";"2280";"152";"360";"1";"98";"99";"15";"";"";"1";"2011";"";
"114793595";"02";"ECOLOGIA - NATAL - MT - BACHARELADO";"2000121";"ECOLOGIA";"8";"8";"14";"";"";"";"137";"2845";"300";"145";"240";"2055";"137";"345";"8";"20";"36";"15";"";"0";"1";"2016";"";
"114795355";"02";"ECOLOGIA - NATAL - N - BACHARELADO";"2000121";"ECOLOGIA";"8";"8";"14";"";"";"";"137";"2845";"300";"145";"240";"2055";"137";"345";"8";"20";"36";"15";"";"0";"1";"2016";"";
"140098";"02";"";"315763";"DOUTORADO EM GEODINÂMICA E GEOFÍSICA";"24";"48";"54";"24";"48";"54";"40";"600";"510";"";"240";"90";"6";"0";"1";"12";"24";"1";"0";"";"1";"2004";"";
"105572856";"DTUR-1";"";"104910434";"DOUTORADO EM TURISMO";"24";"48";"60";"24";"48";"60";"36";"540";"420";"";"0";"120";"8";"0";"1";"16";"32";"0";"";"";"2";"2014";"";
"24997720";"03";"CIÊNCIAS ECONÔMICAS - NATAL - N - BACHARELADO";"2000014";"CIÊNCIAS ECONÔMICAS";"10";"10";"15";"";"";"";"144";"3000";"540";"0";"240";"2160";"144";"300";"1";"20";"28";"15";"";"0";"1";"2010";"";
"116379316";"DT2016";"";"115845494";"DOUTORADO EM BIOINFORMÁTICA";"24";"48";"54";"24";"48";"54";"26";"540";"390";"";"0";"150";"0";"0";"1";"12";"16";"1";"";"";"1";"2016";"";
"115845500";"Mbif001";"";"115845492";"MESTRADO EM BIOINFORMÁTICA";"12";"24";"30";"12";"24";"30";"12";"360";"180";"";"0";"180";"0";"0";"1";"12";"16";"0";"";"";"1";"2016";"";
"108222242";"03";"FILOSOFIA - NATAL - N - BACHARELADO";"2000040";"FILOSOFIA";"8";"8";"12";"";"";"";"60";"2400";"1260";"120";"240";"900";"60";"120";"4";"20";"28";"60";"";"0";"1";"2015";"";
"506651401";"03A";"FÍSICA - NATAL - N - LICENCIATURA";"111635050";"FÍSICA";"9";"9";"14";"";"";"";"140";"2805";"95";"0";"240";"2100";"140";"610";"2";"20";"36";"30";"";"0";"1";"2011";"";
"505612070";"04A";"DIREITO - NATAL - M - BACHARELADO";"2000018";"DIREITO";"10";"10";"16";"";"";"";"180";"3700";"435";"0";"240";"2700";"180";"565";"4";"24";"26";"60";"";"0";"2";"2010";"";
"24798170";"03";"CIÊNCIAS ECONÔMICAS - NATAL - M - BACHARELADO";"2000014";"CIÊNCIAS ECONÔMICAS";"10";"10";"15";"";"";"";"144";"3000";"540";"0";"240";"2160";"144";"300";"1";"20";"28";"15";"";"0";"2";"2010";"";
"98085930";"03D";"CIÊNCIAS SOCIAIS - NATAL - N - LICENCIATURA";"111635038";"CIÊNCIAS SOCIAIS";"8";"8";"14";"";"";"";"120";"2860";"300";"";"240";"1800";"120";"760";"2";"20";"32";"2";"";"";"1";"2013";"";
"119515799";"02B";"LETRAS - FRANCÊS - NATAL - M";"118836561";"LETRAS - FRANCÊS";"8";"8";"12";"";"";"";"124";"2820";"360";"200";"240";"1860";"124";"400";"";"";"";"15";"";"0";"2";"2016";"";
"9051720";"04C";"PSICOLOGIA - NATAL - MT - FORMAÇÃO";"2000066";"PSICOLOGIA";"10";"10";"16";"";"";"";"46";"3995";"300";"200";"240";"2385";"46";"1110";"1";"98";"99";"15";"";"0";"1";"2009";"";
"140071";"01";"";"315788";"DOUTORADO EM BIOTECNOLOGIA";"24";"48";"60";"24";"48";"60";"14";"210";"0";"";"240";"210";"14";"0";"1";"8";"20";"1";"0";"";"2";"2006";"Migrados do Ponto@. Pelo fato de aparecer como currículo duplicado, no sigaa, ele foi desativado";
"98708475";"2C";"HISTÓRIA - NATAL - M - LICENCIATURA";"111635057";"HISTÓRIA";"9";"9";"14";"";"";"";"108";"2820";"600";"0";"240";"1620";"108";"600";"4";"20";"32";"240";"";"0";"2";"2013";"";
"98743742";"01B";"MÚSICA - NATAL - N - LICENCIATURA";"111635069";"MÚSICA";"6";"8";"10";"";"";"";"76";"2930";"690";"0";"240";"1140";"76";"1100";"2";"20";"99";"30";"";"0";"1";"2009";"";
"121601534";"TXT17";"";"121507754";"MESTRADO EM ENGENHARIA TÊXTIL";"12";"24";"30";"12";"24";"30";"24";"360";"120";"";"0";"240";"16";"0";"";"";"";"0";"";"";"1";"2017";"";
"90518958";"CIG0507";"";"5036028";"RESIDÊNCIA MÉDICA EM CIRURGIA GERAL";"6";"6";"6";"";"";"";"0";"2880";"0";"";"0";"0";"0";"2880";"";"";"";"0";"";"";"1";"2012";"";
"90529441";"CIG508";"";"5036028";"RESIDÊNCIA MÉDICA EM CIRURGIA GERAL";"6";"6";"6";"";"";"";"0";"1728";"0";"";"0";"0";"0";"1728";"";"";"";"0";"";"";"1";"2011";"";
"90529452";"CIG0501";"";"5036028";"RESIDÊNCIA MÉDICA EM CIRURGIA GERAL";"6";"6";"6";"";"";"";"0";"1728";"0";"";"0";"0";"0";"1728";"";"";"";"0";"";"";"2";"2011";"";
"90529534";"CIG0508";"";"5036028";"RESIDÊNCIA MÉDICA EM CIRURGIA GERAL";"6";"6";"6";"";"";"";"0";"1728";"0";"";"0";"0";"0";"1728";"";"";"";"0";"";"";"1";"2012";"";
"91085470";"CIR501";"";"88337492";"RESIDÊNCIA MÉDICA EM CIRURGIA VIDEOLAPAROSCÓPICA";"12";"12";"12";"";"";"";"0";"2880";"2880";"";"0";"0";"0";"0";"";"";"";"2880";"";"";"1";"2005";"";
"91286182";"PDT0001";"";"5036034";"RESIDÊNCIA MÉDICA EM PEDIATRIA";"24";"24";"30";"";"";"";"0";"5760";"0";"";"0";"0";"0";"5760";"";"";"";"2880";"";"";"1";"1974";"";
"98709068";"2B";"HISTÓRIA - NATAL - N - LICENCIATURA";"111635057";"HISTÓRIA";"9";"9";"14";"";"";"";"108";"2820";"600";"0";"240";"1620";"108";"600";"4";"20";"32";"60";"";"0";"2";"2013";"";
"7046170";"01";"DESIGN - NATAL - MT - BACHARELADO";"6992521";"DESIGN";"9";"9";"13";"";"";"";"146";"2690";"300";"0";"240";"2190";"146";"200";"12";"24";"28";"180";"";"0";"2";"2009";"";
"118229733";"ep2016";"";"5036032";"RESIDÊNCIA MÉDICA EM ENDOCRINOLOGIA PEDIÁTRICA";"24";"24";"24";"";"";"";"0";"240";"2880";"350";"0";"225";"0";"2670";"";"";"";"100";"";"";"1";"2016";"";
"116734737";"CARDIO";"";"116724070";"RESIDÊNCIA EM CARDIOLOGIA/RESCARD/HUOL";"24";"24";"30";"";"";"";"0";"1152";"322";"";"0";"830";"0";"0";"";"";"";"0";"";"";"1";"2016";"";
"91498572";"I";"";"5036029";"RESIDÊNCIA MÉDICA EM CLÍNICA MÉDICA";"6";"6";"6";"";"";"";"0";"1440";"0";"";"0";"0";"0";"1440";"";"";"";"0";"";"";"1";"2011";"";
"91498785";"II";"";"5036029";"RESIDÊNCIA MÉDICA EM CLÍNICA MÉDICA";"6";"6";"6";"";"";"";"0";"1440";"0";"";"0";"0";"0";"1440";"";"";"";"0";"";"";"2";"2011";"";
"91500065";"III";"";"5036029";"RESIDÊNCIA MÉDICA EM CLÍNICA MÉDICA";"6";"6";"6";"";"";"";"0";"1440";"0";"";"0";"0";"0";"1440";"";"";"";"0";"";"";"1";"2012";"";
"91500211";"IV";"";"5036029";"RESIDÊNCIA MÉDICA EM CLÍNICA MÉDICA";"6";"6";"6";"";"";"";"0";"1440";"0";"";"0";"0";"0";"1440";"";"";"";"0";"";"";"2";"2012";"";
"93459870";"RPD0001";"";"93262776";"PROGRAMA DE RESIDÊNCIA MÉDICA EM PEDIATRIA";"6";"6";"6";"";"";"";"0";"265";"60";"";"0";"145";"0";"60";"4";"";"4";"60";"";"";"1";"2006";"";
"95692564";"NCR0002";"";"5036042";"RESIDÊNCIA MÉDICA EM NEUROCIRURGIA";"58";"60";"72";"";"";"";"0";"13875";"300";"";"0";"135";"0";"13440";"72";"84";"96";"1440";"";"";"1";"2008";"";
"98231742";"OFT0001";"";"5036045";"RESIDÊNCIA MÉDICA EM OFTALMOLOGIA";"6";"6";"6";"";"";"";"0";"156";"96";"";"0";"0";"0";"60";"20";"20";"22";"1440";"";"";"1";"2013";"";
"98231785";"OFT0002";"";"5036045";"RESIDÊNCIA MÉDICA EM OFTALMOLOGIA";"6";"6";"6";"";"";"";"0";"96";"96";"";"0";"0";"0";"0";"20";"20";"22";"1440";"";"";"2";"2013";"";
"98231790";"OFT0003";"";"5036045";"RESIDÊNCIA MÉDICA EM OFTALMOLOGIA";"6";"6";"6";"";"";"";"0";"156";"96";"";"0";"0";"0";"60";"20";"20";"22";"1440";"";"";"1";"2013";"";
"98273998";"OTG005";"";"5036046";"RESIDÊNCIA MÉDICA EM OTORRINOLARINGOLOGIA";"1";"1";"6";"";"";"";"0";"60";"0";"";"0";"0";"0";"60";"";"";"";"0";"";"";"1";"2013";"";
"103292410";"RSF";"";"93262777";"PROGRAMA DE RESIDÊNCIA MÉDICA EM MEDICINA DA FAMÍLIA E COMUNIDADE";"24";"24";"24";"";"";"";"0";"877";"307";"";"0";"365";"0";"205";"";"";"";"77";"";"";"1";"2012";"";
"105864929";"enp0010";"";"5036032";"RESIDÊNCIA MÉDICA EM ENDOCRINOLOGIA PEDIÁTRICA";"3";"3";"3";"";"";"";"0";"17";"0";"";"0";"2";"0";"0";"";"";"";"0";"";"";"1";"2010";"";
"103558719";"1";"";"5036040";"RESIDÊNCIA MÉDICA EM MEDICINA DE FAMÍLIA E COMUNIDADE";"24";"24";"24";"";"";"";"0";"34";"0";"";"0";"34";"0";"0";"1";"2";"4";"1260";"";"";"1";"2014";"";
"91849384";"MEG";"";"5036033";"RESIDÊNCIA MÉDICA EM ENDOSCOPIA GINECOLÓGICA";"11";"12";"13";"";"";"";"0";"120";"0";"";"0";"0";"0";"320";"";"";"";"0";"";"";"1";"2012";"";
"106232662";"OFT0004";"";"5036045";"RESIDÊNCIA MÉDICA EM OFTALMOLOGIA";"6";"6";"6";"";"";"";"8";"216";"96";"";"0";"120";"8";"0";"20";"20";"22";"1440";"";"";"2";"2014";"";
"106302120";"ANE0002";"";"5036027";"RESIDÊNCIA MÉDICA EM ANESTESIOLOGIA";"12";"12";"12";"";"";"";"0";"0";"0";"";"0";"0";"0";"0";"";"";"";"0";"";"";"1";"2012";"";
"109727260";"TESTE";"";"5036038";"RESIDÊNCIA MÉDICA EM GINECOLOGIA E OBSTETRÍCIA";"36";"36";"40";"";"";"";"0";"40";"0";"";"0";"0";"0";"40";"";"";"";"0";"";"";"1";"2015";"";
"116503193";"2016BMF";"";"5036023";"RESIDÊNCIA EM CIRURGIA E TRAUMATOLOGIA BUCO-MAXILO-FACIAIS";"36";"36";"48";"";"";"";"20";"9630";"60";"";"0";"380";"20";"1210";"96";"96";"96";"1440";"";"";"1";"2016";"";
"116879919";"AB2016";"";"116724075";"RESIDÊNCIA EM ATENÇÃO BÁSICA/RESATBAS/EMCM";"24";"24";"24";"";"";"";"0";"4165";"0";"";"0";"2203";"0";"1962";"";"";"";"0";"";"";"1";"2016";"";
"116948928";"RMI2016";"";"116724074";"RESIDÊNCIA EM SAÚDE MATERNO-INFANTIL/RESSMI/EMCM";"24";"24";"24";"";"";"";"0";"4029";"0";"";"0";"2475";"0";"1554";"";"";"";"0";"";"";"1";"2016";"";
"117108458";"MFCEMCM";"";"116724071";"RESIDÊNCIA MÉDICA EM MEDICINA DE FAMÍLIA E COMUNIDADE/RESMMFC/EMCM";"24";"24";"36";"";"";"";"0";"2880";"0";"";"0";"2880";"0";"0";"";"";"";"1440";"";"";"1";"2017";"";
"117116286";"CIREMCM";"";"116724072";"RESIDÊNCIA MÉDICA EM CIRURGIA GERAL/RESCIRG/EMCM";"24";"24";"36";"";"";"";"0";"2880";"0";"";"0";"2880";"0";"0";"";"";"";"1440";"";"";"1";"2016";"";
"118156955";"CG20161";"";"5036028";"RESIDÊNCIA MÉDICA EM CIRURGIA GERAL";"5";"6";"7";"";"";"";"126";"3125";"0";"";"0";"1890";"126";"885";"";"";"";"1440";"";"";"1";"2016";"";
"118835536";"01";"COMUNICAÇÃO SOCIAL- PUBLICIDADE E PROPAGANDA - NATAL - N";"118834827";"COMUNICAÇÃO SOCIAL- PUBLICIDADE E PROPAGANDA";"9";"9";"12";"";"";"";"134";"2780";"420";"250";"240";"2010";"134";"100";"";"";"";"45";"";"0";"1";"2016";"";
"104836701";"01";"MEDICINA - CAICÓ - MTN - FORMAÇÃO";"104831949";"MEDICINA";"12";"12";"18";"";"";"";"0";"7560";"760";"380";"240";"5580";"0";"840";"8";"32";"40";"1";"";"0";"2";"2014";"";
"91635229";"MGO";"";"5036038";"RESIDÊNCIA MÉDICA EM GINECOLOGIA E OBSTETRÍCIA";"35";"36";"37";"";"";"";"0";"165";"0";"";"0";"0";"0";"1180";"";"";"";"0";"";"";"1";"2012";"";
"100669";"01";"COMUNICAÇÃO SOCIAL - NATAL - RADIALISMO - N - BACHARELADO";"2000016";"COMUNICAÇÃO SOCIAL";"8";"9";"14";"";"";"";"151";"2760";"270";"0";"240";"2265";"151";"225";"1";"98";"99";"1";"0";"0";"1";"2002";"";
"100762";"01";"COMUNICAÇÃO SOCIAL - NATAL - RADIALISMO - T - BACHARELADO";"2000016";"COMUNICAÇÃO SOCIAL";"8";"9";"14";"";"";"";"151";"2760";"270";"0";"240";"2265";"151";"225";"1";"98";"99";"1";"0";"0";"1";"2005";"";
"100668";"03";"COMUNICAÇÃO SOCIAL - NATAL - JORNALISMO - N - BACHARELADO";"2000016";"COMUNICAÇÃO SOCIAL";"8";"9";"14";"";"";"";"136";"2715";"450";"0";"240";"2040";"136";"225";"1";"98";"99";"1";"0";"0";"1";"2002";"";
"100761";"03";"COMUNICAÇÃO SOCIAL - NATAL - JORNALISMO - T - BACHARELADO";"2000016";"COMUNICAÇÃO SOCIAL";"8";"9";"14";"";"";"";"136";"2715";"450";"0";"240";"2040";"136";"225";"1";"98";"99";"15";"0";"0";"1";"2005";"";
"118737828";"RMNRL";"";"5036043";"RESIDÊNCIA MÉDICA EM NEUROLOGIA";"33";"36";"42";"";"";"";"0";"7888";"0";"";"0";"0";"0";"7888";"";"";"";"0";"";"";"1";"2016";"";
"122903747";"AB2017";"";"116724075";"RESIDÊNCIA EM ATENÇÃO BÁSICA/RESATBAS/EMCM";"24";"24";"30";"";"";"";"0";"4225";"0";"";"0";"2113";"0";"2112";"";"";"";"0";"";"";"1";"2017";"";
"122908758";"ami15";"";"5036021";"RESIDÊNCIA EM ASSISTÊNCIA MATERNO-INFANTIL";"24";"24";"24";"";"";"";"0";"5670";"210";"";"0";"687";"0";"4773";"";"";"";"60";"";"";"1";"2015";"";
"509953430";"ASC0200";"";"5036022";"RESIDÊNCIA EM ATENÇÃO À SAÚDE DA CRIANÇA";"24";"24";"30";"";"";"";"0";"5640";"322";"";"0";"710";"0";"4608";"";"";"";"0";"";"";"1";"2014";"";
"122949576";"RMI2017";"";"116724074";"RESIDÊNCIA EM SAÚDE MATERNO-INFANTIL/RESSMI/EMCM";"24";"24";"24";"";"";"";"0";"1295";"0";"";"0";"1015";"0";"252";"";"";"";"0";"";"";"1";"2017";"";
"118738304";"neo";"";"5036041";"RESIDÊNCIA MÉDICA EM NEONATOLOGIA";"24";"24";"36";"";"";"";"0";"165";"240";"";"0";"0";"0";"480";"";"";"";"2880";"";"";"1";"1983";"";
"118568790";"PAT0123";"";"5048042";"RESIDÊNCIA MÉDICA EM PATOLOGIA";"36";"36";"36";"";"";"";"0";"3492";"576";"";"0";"1260";"0";"4695";"";"";"";"2880";"";"";"1";"2015";"";
"122877028";"TIN05";"";"5036025";"RESIDÊNCIA EM TERAPIA INTENSIVA NEONATAL";"24";"24";"28";"";"";"";"0";"2136";"0";"";"0";"750";"0";"4348";"";"";"";"0";"";"";"1";"2017";"";
